,satisfaction_level
9838,1
7689,0
6557,1
6872,1
820,0
1643,0
7217,0
8351,1
2631,0
107,0
10329,1
367,0
8216,0
416,1
2420,0
729,0
13626,1
4170,1
6189,0
12752,0
10385,1
5778,1
6206,0
2388,1
12619,0
4894,0
6586,0
8439,1
5094,1
4747,1
510,0
700,0
6679,1
11135,1
2628,1
3679,1
1277,1
5226,1
2030,1
5071,1
39,0
1891,0
7874,1
4785,1
3421,0
4111,0
7621,1
10514,0
2980,1
5001,1
12678,0
1303,0
4618,1
7708,1
10986,1
346,1
7375,1
8530,1
9743,0
474,1
8860,1
6576,1
9937,1
12770,0
13316,0
322,1
5245,1
4953,1
11247,0
7820,0
2754,1
9512,0
13631,1
3514,1
5905,1
971,1
6698,0
10194,1
8661,0
12095,0
6113,1
10862,0
14569,0
1201,0
2727,0
7399,1
7795,1
14739,0
36,0
12943,0
4750,0
6740,1
14664,0
6933,1
5183,1
10465,1
8969,1
12631,0
11661,0
8459,1
3090,0
12232,0
1288,1
3031,1
14655,0
2977,1
2400,1
14010,1
14508,0
13925,1
9924,1
1746,0
4125,1
7172,1
9922,1
4315,1
8118,0
11571,1
5981,1
11487,1
11908,1
4549,1
2507,1
3375,1
8310,0
7092,0
210,0
13161,1
1950,1
4393,1
651,0
2206,0
4475,1
2615,1
1396,0
11051,1
5909,0
3942,1
1670,0
2320,1
9509,1
14342,0
1952,0
7630,1
14561,0
2937,1
10857,1
11807,1
11035,0
14223,1
10146,0
484,0
11100,1
898,0
1732,1
13955,0
2613,1
6387,1
8778,1
6076,0
14550,0
4684,1
2640,1
1250,1
12697,0
11078,1
2435,0
4954,1
9787,1
14914,0
13356,1
4751,0
8552,0
13957,1
2303,1
5532,1
11944,1
12525,0
582,1
7372,0
9811,1
718,1
12334,0
11066,1
762,0
3468,1
1870,1
12574,0
6072,1
6808,1
6836,1
738,0
9754,1
12380,0
12534,1
7508,1
7503,1
11503,1
13612,1
14300,0
4024,0
14358,0
8303,1
750,0
10330,1
12939,1
8077,1
4554,1
1839,0
5399,1
13541,1
1275,0
6650,0
10114,1
4459,1
14266,0
9545,0
10556,1
10657,1
10569,1
2264,0
8294,0
1536,0
4296,1
6779,0
6061,1
1369,0
740,0
6800,1
3857,1
1188,0
13451,1
9601,1
1570,0
9632,1
10107,1
2527,1
2127,1
10073,0
2764,1
9188,1
11418,1
12638,1
9392,0
6018,0
10035,1
1981,1
13625,1
4094,0
10919,1
13777,1
14317,1
2057,1
4536,0
4685,0
12854,1
4004,0
11696,1
14742,0
14376,0
10323,1
9913,0
3434,1
9269,1
9825,1
6302,1
1710,0
14251,1
6286,0
13047,1
562,0
10786,1
7907,1
640,0
1669,1
3000,0
7307,1
13481,0
14513,0
2407,1
12566,0
8064,0
7796,1
13385,1
5936,1
14981,1
2910,1
4081,1
9948,1
12103,0
4743,1
14511,0
5123,1
2928,1
3166,1
4304,1
7760,1
180,0
5070,1
12464,1
4553,1
2218,1
12317,0
1955,0
1057,0
9056,1
9706,1
5556,1
4436,1
1399,0
12849,1
9642,1
10529,1
4990,1
12047,1
10127,1
2234,1
5144,0
14020,1
12038,0
1210,0
3669,1
10436,1
2238,1
13114,1
10741,1
2948,1
11766,1
8387,0
13879,1
6216,1
12118,0
7250,1
6690,1
14125,1
5292,1
14140,1
1434,0
14980,1
92,0
11384,0
11226,1
11126,0
10991,1
3469,1
13315,1
6444,1
4861,1
7459,1
14196,1
7436,1
10278,1
6594,1
10050,0
3449,1
9355,1
1084,1
8748,0
2777,1
11433,1
428,0
5013,1
12453,0
12405,0
13804,1
10846,0
13826,1
2698,0
11558,1
10074,1
11299,1
408,1
7520,1
13295,1
1608,0
10431,1
14916,1
4455,1
7663,1
11431,1
12441,0
9213,1
3941,1
426,1
949,0
10087,0
7319,1
2865,1
9016,1
14706,1
4156,1
8060,1
14197,0
6545,1
5908,0
7103,1
7844,0
1691,0
12834,1
12402,1
1421,1
6244,1
4216,0
819,0
4614,1
4162,1
7438,1
3422,1
14676,0
14429,0
11496,0
4257,1
9891,1
409,1
1285,0
4814,1
11631,0
6798,0
4355,1
13382,1
1091,0
7998,1
73,0
11600,1
3585,1
4238,1
11218,1
6706,1
5751,0
291,1
6084,1
13232,1
8278,0
11409,1
13823,1
2089,1
7873,0
1801,0
13751,0
11821,1
1576,1
1110,0
318,0
9985,0
4038,1
13589,1
6194,1
1825,1
3146,1
5081,1
6832,1
3411,1
144,1
8994,1
4561,1
7732,0
3975,0
9113,1
7923,1
13752,1
8613,0
4870,1
13581,0
11799,1
8256,1
7163,1
1830,0
11975,1
85,0
14170,1
1219,1
7416,1
14865,0
9458,1
3724,1
5689,0
10308,1
10959,0
6598,1
13821,1
8807,0
594,0
4638,1
9176,0
8272,1
3519,1
7660,1
8629,0
14542,0
14380,0
5987,1
61,0
5723,1
8158,1
5152,1
10683,1
5090,1
4489,0
5620,0
11856,1
12378,0
13009,1
4866,1
13123,1
14885,0
6749,1
7044,1
11403,0
5493,1
3958,1
958,0
472,1
5960,1
1513,1
2290,1
12624,0
5967,0
4064,1
13766,1
1479,0
9532,1
8276,1
2899,1
5849,0
7100,1
6071,1
9089,1
7631,1
9490,1
10766,1
3708,1
9551,1
13134,1
9577,1
5239,1
9189,1
491,0
10094,1
12634,1
3776,1
9603,1
8890,1
8509,1
127,1
6372,0
13396,1
11117,0
9336,1
1264,1
7615,1
7698,1
11043,1
7953,1
7021,1
6753,1
9936,1
6592,1
275,1
7831,0
14474,0
10500,1
1272,0
8168,1
9368,0
3601,1
10801,1
1897,0
11890,0
14131,0
5716,1
7936,1
6741,0
4034,0
14727,0
11156,1
4077,1
10712,1
5046,1
7267,1
2826,1
715,0
10531,1
10109,1
2973,1
12742,0
1118,1
13991,1
3804,1
6290,0
4526,1
4342,1
9349,1
2316,1
9466,1
7859,1
4292,0
7748,1
11578,1
2458,0
10626,0
5405,1
5623,1
7677,0
12528,0
8979,0
6558,1
9035,1
10606,1
6760,1
13495,1
1864,0
12792,1
8074,0
3820,1
8757,0
1145,0
10252,0
14549,0
13350,1
733,0
12069,0
5614,1
5169,1
3282,1
2457,1
9970,1
8715,1
5852,1
13427,0
5627,1
4745,0
12443,1
7144,1
9072,1
6890,1
12089,0
9363,1
11712,1
6536,1
5357,1
14956,0
14526,1
5554,1
7912,0
12406,1
7535,0
13593,1
8973,1
4229,1
7700,1
12277,1
10586,1
4660,1
11974,1
4755,1
5434,1
14490,1
12409,1
11387,0
1793,0
1692,0
4786,1
7541,0
13676,1
493,0
12415,0
157,0
13885,1
13120,1
1463,0
12455,0
11077,1
6148,1
9520,1
8759,1
2287,0
7530,1
3351,1
9846,1
965,1
9403,1
6388,1
2252,1
8892,0
2578,1
438,1
4442,1
8288,1
1614,0
4789,1
10159,1
9462,1
10226,1
12956,1
13106,1
467,0
10079,1
8624,1
756,1
13846,1
14592,0
2688,1
1090,0
7606,1
10632,1
4862,1
6109,1
5612,1
5389,1
1374,1
5550,0
1862,0
10172,1
5767,1
13491,1
4884,1
10368,1
8625,1
1878,0
14498,0
14296,0
11982,1
1119,0
8673,1
8628,1
11898,1
13544,0
14681,0
9589,0
2186,1
14926,1
10769,1
7033,1
3996,1
13650,1
4387,1
1432,1
11373,0
10858,1
8774,1
4900,1
2174,1
6778,0
14797,0
2102,0
10371,1
12541,1
2656,1
6759,0
13564,0
14480,0
1934,1
7900,1
2952,1
4367,1
6518,1
13113,1
11054,1
10860,1
6877,1
11208,1
7039,1
758,0
5035,1
3312,1
829,0
4504,0
8198,1
7068,0
5350,0
4450,1
8327,0
2447,0
11720,0
13638,1
8066,1
14686,0
14166,1
13205,1
11239,1
7047,1
11090,1
12610,0
7247,1
9390,1
13263,1
4708,1
6730,0
7195,1
5195,1
1459,0
14726,1
3441,1
5872,1
10165,1
5653,1
6794,1
8201,1
10158,0
12437,0
11377,1
5762,1
3827,1
14842,0
6515,0
2673,1
134,0
5651,0
12508,0
7584,1
14048,1
2929,0
10307,1
11708,0
799,0
10770,1
8658,1
11121,1
427,1
9412,1
13386,1
4925,1
4015,0
11216,0
7306,1
14015,1
7918,1
14475,0
5425,0
1255,0
6066,1
6422,1
6810,1
5768,1
9015,1
6087,1
5766,1
12829,1
9803,1
3131,1
2318,1
1926,1
8314,1
9228,1
3037,1
11376,1
5440,1
8886,1
8674,1
7501,1
13916,0
12959,0
5437,1
3694,1
11193,1
13023,1
3746,1
10814,1
13130,1
12180,0
8537,0
4851,0
7810,1
381,0
10347,1
4245,1
7472,1
4073,0
2788,0
6625,1
0,0
9267,1
7814,0
3060,1
8444,1
2549,1
12729,0
9371,1
11606,1
11683,1
12055,0
3503,1
7856,1
5344,0
5800,1
5665,0
316,0
2314,0
6733,1
12692,1
9253,1
2018,1
3316,1
4441,1
12212,1
3980,1
5156,1
5863,1
5118,1
6874,1
4265,1
6220,1
7139,1
9863,1
6176,0
8854,1
9666,1
4301,1
11818,1
5163,1
12458,0
9535,1
10685,1
216,0
14815,0
7078,1
1851,0
5261,1
3448,1
5912,0
866,0
8178,0
43,0
17,1
5799,1
9119,1
1883,0
1694,0
9978,1
2372,1
9671,1
12516,0
5769,0
7603,1
8620,1
4333,1
12679,1
8523,0
5458,1
3837,1
13537,1
6081,0
14216,0
14843,0
6551,1
7881,1
9205,1
6442,0
13958,0
9406,1
10317,0
3305,0
259,0
10338,1
443,1
12414,1
11656,1
7220,1
532,0
14493,1
7745,0
5635,0
12123,0
9669,1
14515,1
12760,0
8889,0
13769,1
430,1
11444,1
4991,1
2328,1
5431,1
6145,1
7222,1
577,1
13944,1
8115,0
684,0
5828,1
7794,1
7731,1
6363,1
3785,1
10884,1
1698,0
761,0
11379,1
11926,1
796,0
10251,1
5847,1
11952,1
6913,0
11669,1
13945,1
12506,1
12279,1
8965,1
2546,0
11086,1
1941,1
9232,1
13615,1
7341,1
10997,1
4256,1
3068,1
13049,1
14224,0
1654,0
7198,1
4338,1
9952,0
11336,1
591,1
14366,0
13392,0
7076,1
1041,1
12427,1
2392,0
2517,1
2221,1
12104,0
11301,1
13229,0
3877,1
13948,1
7281,1
4398,0
12188,0
9571,1
7772,1
9941,1
12934,1
960,0
9194,1
7649,1
13598,0
12170,1
883,0
14387,0
8810,1
11032,1
2481,1
7145,1
11108,1
3703,1
14770,0
11124,0
14219,1
14947,1
1835,1
4101,1
13010,1
1805,0
4291,1
13225,1
2450,1
1594,0
14671,0
3540,1
14929,0
6407,1
8902,0
12983,1
7771,0
14364,0
1160,0
3527,1
5066,0
12440,0
13190,1
12012,1
8109,1
2154,0
1458,0
1206,0
4982,0
14111,1
2742,0
1071,1
7363,1
13346,1
11219,0
4397,1
14090,1
8424,1
11584,1
11903,1
14082,1
7919,1
1147,1
10918,1
7586,1
14613,1
3772,1
12835,1
13327,1
1886,0
623,0
9845,1
1339,1
14827,0
4119,1
7775,1
3080,1
3794,1
1501,0
4295,1
5883,1
9332,1
8187,1
11603,1
6817,0
2532,1
7110,1
11650,1
12311,0
8023,1
8608,1
7765,0
11298,1
11759,1
5034,0
11566,1
1472,0
13605,0
11726,1
849,1
5478,1
7558,1
12847,1
5948,1
2210,0
12664,0
3526,1
13443,1
7439,1
13450,1
4153,1
8184,1
3424,1
414,1
5794,1
8167,1
6918,1
13029,1
11997,1
2094,0
5740,1
13967,0
14157,1
2340,0
265,1
9402,1
5165,1
5990,1
6306,1
3542,1
6862,1
5678,1
14464,1
2142,1
3851,0
11803,1
1082,1
1671,0
13837,0
7210,1
12538,1
1503,0
1971,0
5312,1
3798,1
694,1
3855,1
11850,0
10847,1
10881,0
14093,1
6096,1
3094,1
8639,1
6011,1
5601,1
10495,0
6454,1
13391,1
3244,0
3100,1
8423,1
3563,1
5327,1
5980,1
11381,0
13060,1
12739,0
8730,1
13790,1
10031,1
13691,1
9287,1
11828,0
11437,1
3231,1
13265,1
11972,1
2484,1
10791,1
5349,1
952,0
13362,1
9898,1
3409,1
5681,1
1718,0
10297,1
13990,1
7695,1
5683,1
9132,1
10772,1
5202,1
12233,0
2564,1
1146,1
1937,0
12746,0
1031,0
3884,1
5483,1
5386,1
5743,1
14220,0
8205,1
3858,0
96,0
13524,0
3130,0
2474,0
3931,0
2627,1
3773,1
5194,0
2239,1
10372,1
9801,1
5146,1
4896,0
11033,1
3027,0
14697,0
2389,1
12127,1
1592,0
2391,1
3082,0
5224,1
5711,1
4461,1
10218,1
10726,0
14818,0
11009,1
14781,0
2901,0
4099,0
12059,1
12240,0
2540,1
10510,0
8191,1
13401,0
7945,1
5846,1
8631,0
12280,0
4184,0
12774,0
2576,1
12114,1
9584,0
11119,0
9258,1
7571,1
1281,1
13217,1
7746,1
5687,1
6451,1
8379,1
5404,1
6497,0
10196,1
12897,1
415,0
7550,0
13387,1
710,1
6417,1
3528,0
2528,0
14274,0
5277,1
4959,1
2893,1
11013,1
14750,0
5749,0
13780,1
5180,0
4091,1
9799,1
2888,1
14882,0
1523,0
9717,1
7784,1
12293,0
1406,0
9525,1
5364,1
11042,1
10931,1
6215,1
1811,0
14834,0
8824,1
11791,1
12423,0
8020,1
4339,1
10610,0
13668,0
12962,1
1486,0
6259,1
6482,0
774,0
1631,0
9071,1
14794,0
469,0
6967,0
9868,1
6827,1
14585,1
10390,1
14817,0
14608,0
598,0
8768,1
8193,0
6955,1
1905,0
4695,0
7420,1
7169,0
7991,0
9115,1
7802,0
12881,1
12016,0
9202,1
11315,1
11762,1
5028,1
11142,0
5512,1
12125,0
8610,1
8904,1
2837,1
7458,1
7596,1
3218,1
3573,1
3132,0
14886,0
3520,1
13463,1
2588,1
7944,1
4874,1
3353,1
4308,1
1758,0
11611,1
11510,0
852,1
1494,0
8784,1
2464,1
9295,1
9553,0
7298,1
7229,1
6428,1
8863,1
4562,1
11667,1
9926,1
500,1
10376,1
11701,1
9128,1
1046,1
8600,1
2633,1
10349,1
6029,1
13181,0
9502,1
11398,1
7348,1
12004,0
11136,1
777,0
7930,1
4501,0
7696,1
4019,1
1194,0
10928,1
51,0
6351,1
2304,1
7632,1
7007,1
5537,0
1113,0
2982,1
656,1
3254,1
5385,1
1187,0
14900,0
11200,1
6392,1
565,1
4118,1
9121,0
840,0
3888,1
1642,0
12751,0
12690,0
8478,1
2666,1
1972,0
14680,0
13198,1
1149,1
4092,1
10324,1
765,0
7051,1
7562,1
10659,1
3872,1
5605,1
10779,1
2620,1
9396,0
3026,1
4730,1
4102,0
7738,1
13646,1
7224,1
5688,1
13525,1
14005,1
2685,1
9383,0
10687,1
13897,0
911,0
8131,1
12731,1
7075,0
1345,0
1444,0
6196,1
3499,1
6790,1
7309,1
12532,0
2422,1
7635,1
2732,1
80,0
4217,1
13388,1
10463,0
5331,1
7499,1
11796,1
12602,0
4889,1
1572,0
13375,1
879,1
1578,0
8765,1
1509,0
1896,0
4520,1
4112,1
11675,0
1845,0
4914,1
14738,0
9281,0
9500,1
6311,1
7496,1
13895,1
13132,1
9526,0
14114,1
5403,1
5821,1
3614,1
2108,1
13496,1
9440,1
14946,0
12267,0
12904,1
7756,1
5306,0
12519,0
13209,1
9230,1
6825,1
12850,1
4325,1
3219,1
13670,1
10318,0
13835,1
1193,1
45,1
13815,0
976,1
10522,1
2963,1
1584,0
11671,1
4515,1
12798,1
9701,1
1975,0
3912,0
9810,1
6498,1
4411,0
12862,0
7460,0
12654,0
12217,1
11674,1
4580,1
2840,0
5465,1
8289,1
12381,0
6209,0
13085,1
13156,0
9619,1
12449,1
6613,1
12650,0
6119,1
37,0
576,0
10333,1
3988,1
713,1
14408,0
7964,1
8250,1
2335,1
12604,0
4420,1
7492,0
12596,1
881,1
567,0
9798,1
4981,1
2245,1
12050,0
4165,1
8093,1
10255,1
13442,1
8654,0
239,0
12836,1
12067,1
6660,1
1597,1
9663,1
6053,1
1901,0
1180,1
10696,1
9488,1
8978,0
3006,1
9452,0
2781,1
12868,1
12198,0
13094,0
11074,1
9225,1
8845,1
2829,1
6876,1
13475,1
12755,0
8253,1
4219,1
7757,0
13737,0
10553,1
5843,1
3413,1
7001,1
906,0
8214,1
3693,1
13924,1
3118,0
12546,0
10564,1
6077,1
10887,1
13166,1
8596,1
7015,1
9304,1
295,0
6253,1
1785,0
4382,1
6505,1
13397,1
1284,1
7781,1
8959,0
12671,0
4454,1
14517,0
549,0
12721,0
5340,0
3574,0
6292,0
4352,0
6829,1
2648,1
2586,1
5860,1
3160,1
7150,1
3182,1
3480,1
2377,1
8440,1
6935,1
6769,1
8204,1
6962,1
10008,1
13554,1
10903,1
12110,0
13595,0
11112,1
9303,1
5430,0
8156,0
14442,1
7320,1
10221,1
12716,0
11073,0
1613,0
11188,1
13855,1
10199,1
8388,1
2015,1
8409,1
14868,0
9848,1
6440,0
2981,1
13118,0
9082,1
13096,1
243,0
5030,1
106,1
13630,1
10054,1
13256,1
13757,0
13301,1
6867,1
12686,0
9880,1
4605,1
7948,1
6662,1
5284,1
3960,0
3873,0
11353,0
6369,1
7903,1
5770,1
7885,1
9785,0
12515,1
7510,1
10132,0
29,0
2801,1
7109,1
5453,1
2922,1
4664,1
12852,1
8037,0
10007,0
1245,0
7134,1
4053,1
12982,1
4412,1
108,1
6977,1
5460,1
8262,1
11231,1
7168,1
7759,1
8672,1
4394,1
8779,1
12695,0
11859,1
10062,1
4348,1
12164,1
14799,1
7474,1
7252,1
7070,1
4999,1
5608,0
10374,0
973,0
11920,0
4299,1
11732,0
3653,0
12134,0
7292,1
3088,1
8451,0
13268,1
5294,0
5803,1
8506,0
10,0
2647,1
11782,1
1426,0
12302,0
3265,1
13240,1
12906,1
8437,1
11134,1
1215,1
11739,1
13889,0
11860,1
9219,0
6700,0
323,0
1344,0
4457,1
8999,1
909,1
10140,1
3399,0
496,0
14221,0
12368,1
10284,1
10444,1
12803,1
3470,0
13163,0
13028,1
4365,1
10355,0
1195,1
6138,1
1423,0
6713,1
256,0
12632,0
9066,1
288,1
12889,0
6433,1
14878,0
11335,1
12344,0
4484,0
10999,1
11594,1
6510,1
1232,0
6926,1
10168,1
2675,1
1112,0
6695,1
7512,1
267,0
11979,1
9624,1
5804,1
5654,1
11331,1
3048,1
6165,0
8114,0
1379,0
8377,0
11519,0
6127,1
4759,1
9573,1
5500,1
11155,1
3790,1
620,1
652,0
7342,1
8029,0
3473,0
12335,0
6373,0
6834,1
13982,1
11749,0
2516,1
11514,0
11480,1
7074,1
13302,1
8222,1
10790,0
5598,1
3603,1
9313,1
14252,0
5456,1
8963,1
1506,0
9420,0
12995,0
7726,1
10925,1
12375,1
6590,1
14627,1
730,0
11278,1
12349,0
6118,0
10481,1
1745,0
3853,1
9652,1
14636,0
2709,1
8651,0
3388,1
11481,1
11851,0
8522,0
7199,1
8331,1
3126,0
1156,0
9824,0
32,0
10121,1
11629,1
1336,0
13533,1
5353,1
12841,1
8823,1
1610,1
939,0
5379,0
4023,0
10298,1
11912,1
11031,1
745,0
4083,1
8598,1
2877,1
8370,0
4701,0
1741,0
9270,1
2651,1
8868,1
3002,0
1821,0
8704,0
1330,0
12184,0
957,0
2110,1
5397,1
4691,1
1660,0
6889,1
9187,1
13352,1
655,1
14273,0
10804,1
13984,1
7971,1
6177,1
10085,0
2199,1
2960,1
4640,1
14984,0
13039,1
11422,1
12239,0
12445,0
1405,0
11854,1
2625,1
9826,1
7960,1
5174,1
10163,1
3148,1
8943,0
2873,1
3916,0
7305,0
5489,1
7091,1
8018,1
76,0
7181,0
13027,1
13932,1
4947,1
7819,1
2260,1
1775,0
13953,1
10505,1
93,0
12063,0
4007,1
7405,1
10876,1
14504,0
4810,1
3181,1
5814,1
1076,0
2338,1
8404,1
1885,0
5910,0
14433,0
4323,0
4949,1
5857,1
9999,0
14319,1
2759,1
13093,1
12773,0
4030,1
3352,1
1437,0
1233,0
10665,1
4281,1
7585,1
9558,1
3102,1
2465,0
11069,0
12590,0
449,1
5436,1
12163,1
3621,1
2317,1
13903,1
2185,1
4477,1
1890,1
1155,0
9704,1
8177,0
7042,1
1728,0
9186,1
11910,0
14562,0
10856,1
12456,1
5932,1
4392,0
8494,1
2503,1
7676,1
2463,1
14065,1
2846,1
9988,1
5058,1
1612,0
5706,1
2191,1
1729,1
8169,1
11167,1
13091,1
13097,1
9622,1
6486,1
14677,0
12386,0
7316,0
4047,1
8061,0
8295,1
7391,1
5421,1
4240,1
9112,1
10259,1
2755,0
2492,1
3139,1
8515,1
5508,1
13305,1
3272,1
12768,0
9997,1
2889,1
6756,1
788,1
10083,1
10580,1
6670,1
7428,1
7464,1
7624,1
6224,1
3377,0
4527,1
12807,0
1780,1
8993,1
2959,1
7958,1
8391,1
349,0
7899,1
6618,1
3349,1
42,0
801,0
3529,1
6050,1
981,0
3458,1
5902,1
5528,1
7588,1
14871,0
10840,1
10110,1
9919,1
9818,1
7974,1
2756,1
8025,1
916,0
4617,1
1616,0
5563,1
13657,0
2146,0
9050,1
1833,0
13802,1
14767,0
11415,1
7403,0
4714,1
5712,1
9698,1
11892,1
782,1
11639,1
13789,1
11401,1
7681,0
9709,1
9034,1
4838,0
2401,1
10988,0
4205,1
4641,1
2152,1
12181,0
2947,1
9563,0
13321,0
3878,0
10480,1
8936,1
13036,1
10865,1
11006,1
5271,1
6271,0
3023,1
5274,1
3541,1
3279,1
8062,0
8543,1
14281,1
10415,1
11099,1
2804,1
2211,0
8618,1
13510,1
10980,1
3133,0
6225,1
9940,1
9767,1
4320,1
9527,1
2107,1
5128,1
9647,1
11319,1
3973,1
6181,1
3034,1
8239,1
9733,1
4663,1
7634,1
3286,1
2367,1
13468,1
11522,0
440,0
12633,0
12053,0
12356,0
4692,0
13422,0
14630,1
9844,1
1224,0
8540,1
2592,1
3247,1
2812,0
7289,1
7883,1
14104,1
2691,1
4132,1
11597,1
8171,1
2249,1
2552,0
6179,1
10547,0
10066,1
14857,1
3649,1
380,0
12392,1
5747,1
14876,0
5414,1
8012,1
1360,0
3196,1
2037,1
486,0
9934,1
14044,1
783,0
12018,0
14699,0
10099,1
11505,1
3238,1
6367,0
5748,1
5358,1
8366,1
14960,1
5880,1
11254,0
8197,1
13309,1
1915,0
8542,1
8113,1
7580,1
13601,0
10018,1
3464,1
2138,1
10420,1
8285,1
742,0
13105,1
11528,1
14685,1
13523,1
14067,1
13860,1
4480,1
3442,1
6107,1
4521,1
2847,1
14383,0
12907,1
8604,1
9140,1
6942,1
5400,0
10515,0
8104,1
13482,1
14410,1
1834,0
9485,0
13098,1
12660,0
12126,0
5701,1
4801,0
5896,1
14898,0
5674,1
11702,1
3003,1
23,0
7466,1
3524,1
10955,1
5527,1
12968,1
1309,1
14416,0
8394,1
3475,1
789,0
11883,1
13714,1
7013,1
3284,1
6461,1
2514,1
6143,1
4385,1
10956,1
4905,1
8731,1
10407,1
14324,1
5444,0
8922,1
3688,1
1395,0
7278,0
8030,1
5006,1
10798,1
14918,0
8874,1
5257,1
10206,1
6803,0
11170,1
8149,1
10598,1
7414,1
6338,1
5733,1
9289,1
14363,0
9683,1
3301,0
12809,1
10283,0
10794,1
7020,1
712,1
4279,1
7219,0
8762,1
9301,1
10423,1
1822,0
9410,1
6243,0
7523,0
13139,1
9505,0
9954,1
1977,0
11901,0
3264,1
6561,1
4834,1
5061,1
252,0
8526,1
2098,1
8384,1
11311,0
3671,1
10797,1
8354,0
11149,0
11717,1
4416,0
14138,1
12509,0
14725,1
9311,1
8257,1
6912,1
12140,0
2934,1
14596,1
7283,1
6517,1
8359,1
6560,1
14902,0
5945,0
8343,1
9441,1
12942,1
14937,0
56,0
3412,1
5582,1
2855,1
8318,1
2986,1
7847,1
11784,1
9217,1
12051,0
6187,1
9942,1
11819,1
11785,1
4722,0
8291,1
10855,1
4472,1
12954,1
8086,1
2188,0
6459,0
4049,1
10456,1
5446,1
8067,1
8495,1
3544,0
519,0
8524,0
4508,1
10421,1
7713,1
5263,1
8136,1
6914,1
227,0
8740,1
6750,1
8144,1
11806,1
8124,1
14008,1
10356,1
10124,1
1699,0
14910,1
13011,0
1877,0
513,0
10820,0
10309,1
14312,0
9611,1
6884,1
7359,1
11802,1
11863,1
6110,1
14452,0
8426,1
2916,0
11441,1
480,0
12886,0
7444,1
2577,1
7652,1
13592,0
13237,1
12066,0
11228,1
5272,1
6745,1
8650,1
1596,0
14042,1
3896,1
10557,1
1349,1
5805,0
7176,1
3777,1
11075,1
11844,1
9006,1
4050,1
10513,1
11406,1
7627,1
12220,0
2762,1
14741,0
6385,1
3685,1
5062,1
3602,1
13511,1
10428,1
1446,0
6167,0
1020,1
705,0
14805,0
1866,0
13793,1
13151,1
8057,1
12938,1
2574,0
12099,1
2956,1
7487,1
3742,1
3914,1
9391,1
10910,1
1419,1
1103,0
6180,1
11204,1
7836,1
13994,1
1558,0
6427,1
7089,0
6849,1
12817,1
3523,1
4542,1
34,1
3400,1
14520,0
8471,1
13210,1
6861,1
7231,1
2652,1
5328,1
5903,1
7441,1
12505,0
12193,0
7529,1
11767,1
292,0
2836,1
10943,1
7477,0
11549,1
2870,1
12396,0
11638,1
7303,1
10536,1
11541,1
7565,1
14586,1
1318,0
2730,1
10220,1
13818,1
6705,1
13206,1
4879,0
14468,0
11478,1
11405,1
13686,1
2228,1
2641,1
4418,1
9174,1
6503,1
6192,1
9271,1
6870,0
356,0
12919,1
11160,1
12909,1
8443,1
4584,1
837,0
266,0
2006,1
11730,1
10834,1
2362,1
6908,1
9434,1
12325,0
10926,1
6347,1
6017,1
826,0
9753,1
4253,1
6051,1
13354,0
8282,1
1441,0
3066,1
9640,1
2748,0
7386,1
9033,1
3061,0
889,0
13483,1
12551,1
14570,0
1963,0
3125,1
11224,1
7407,1
1127,0
10562,0
14092,1
6383,1
9723,0
6350,1
13082,1
6201,1
1543,1
3263,1
8761,0
9774,1
2268,1
3770,1
9345,1
7854,0
132,1
9356,1
11688,1
603,1
6423,0
843,1
393,0
13727,1
6037,1
7682,1
4989,1
3928,1
5511,1
6925,0
12165,0
13002,1
13219,1
7598,1
2277,1
6415,1
3234,1
12252,0
3498,1
5862,0
4613,1
12777,0
12297,0
401,1
8129,1
9020,1
7046,0
13776,1
11461,1
4680,1
5008,1
7225,1
3403,1
9118,1
3883,0
9484,1
9422,1
8574,1
11665,1
1573,0
13956,0
13279,0
2423,1
10133,1
5264,1
6950,1
3548,1
10084,1
8126,1
11289,1
7735,1
14948,0
6978,1
12973,1
13078,1
10799,1
809,0
10995,1
12613,1
2650,0
6608,1
14861,0
12869,1
3190,1
3620,1
1702,0
6717,1
14744,0
3650,1
6000,1
7664,1
14401,0
9497,1
12658,0
3370,1
14096,1
9366,0
8309,1
10479,1
9296,1
11137,1
13590,1
7926,1
10200,1
7767,1
664,0
10336,1
8961,1
13653,1
1736,0
5259,1
3347,0
1568,0
462,1
743,0
222,0
9815,1
3994,1
1979,1
8875,1
625,1
13664,1
9145,1
7200,1
13331,1
344,0
5494,1
6729,1
8771,1
1004,0
4449,1
2280,1
456,1
12017,1
9257,1
4335,1
2621,1
7924,1
6323,1
8145,1
10446,1
6092,1
14449,0
5114,1
9543,1
5212,0
10475,1
1760,0
842,0
13177,1
12726,0
13509,1
5199,0
4803,0
2902,1
9990,1
5985,1
14661,1
6791,1
10290,1
14503,0
10776,1
8917,1
10875,1
3431,1
14142,1
9037,0
13066,1
5938,1
14944,1
12160,0
4725,1
7894,1
5130,0
9790,1
8293,1
11923,1
8587,1
11465,1
11742,1
10688,1
368,1
12569,0
3593,1
1415,0
6266,1
12085,0
14872,0
12365,1
9597,0
8956,1
9660,1
11471,1
9318,1
1721,0
8825,0
5324,1
4060,1
14455,1
1824,0
10909,1
14127,0
12049,0
9394,0
3232,1
1918,0
12121,0
1569,0
1831,0
347,0
1242,0
7717,0
10241,1
11287,1
7249,0
8493,1
7593,1
10671,0
12705,0
13084,1
13022,1
8316,0
14369,0
6435,1
11290,0
7782,0
12439,0
9316,1
14880,0
13343,0
10979,1
10599,1
13074,0
1222,0
12434,0
2134,0
8952,0
12253,1
6692,1
8059,1
12102,0
509,0
10451,1
3986,0
748,0
5246,1
1259,0
4718,1
1888,0
711,0
13157,1
13698,1
8166,0
5833,1
9272,1
13149,1
14419,0
4808,1
3329,1
3293,1
8484,1
11798,1
6083,0
13061,1
10044,1
4865,1
5551,1
9252,1
11350,1
104,0
1794,0
12744,0
2386,1
6424,0
4847,1
6648,1
5837,1
8246,1
1658,1
212,1
8240,1
5886,1
4419,1
14146,0
5193,1
5735,1
1359,0
334,0
11198,1
3110,1
5709,1
792,1
233,0
13863,1
7261,1
1064,0
209,0
11432,1
10809,1
8355,1
14988,0
4498,1
10637,0
2413,1
9594,1
7590,1
11560,0
12146,1
871,1
1263,0
1618,1
4345,1
10075,1
2414,1
13003,1
13504,1
6395,1
1220,0
13938,1
1765,1
6501,0
8492,0
13360,0
2001,1
5609,1
8857,0
4581,1
6104,1
1485,0
3582,1
2523,1
13158,1
6330,1
3078,1
4833,0
6631,1
1305,1
4782,1
8254,1
4381,1
12855,0
8583,1
8229,1
14425,0
2165,1
617,1
14546,0
7275,1
14812,1
8517,0
10239,1
9096,1
14227,0
2163,1
4770,1
10141,1
14698,0
2004,0
14336,0
3047,0
7768,1
13293,1
13303,1
14139,0
6335,1
8200,0
14417,1
3095,1
8233,0
3285,1
11359,1
11858,1
7861,1
1313,1
14189,1
7111,1
11817,1
2903,0
13900,1
3333,1
11275,1
3053,1
12601,1
5072,1
8677,0
9812,0
14289,0
2269,1
11061,1
13690,1
7152,0
9962,1
9375,1
14269,0
14509,0
9792,1
7712,1
7952,0
4707,0
13372,1
2114,0
13771,0
1541,1
12037,0
2602,1
12870,1
4607,1
12821,0
8974,0
10802,0
4756,1
6291,1
5538,1
12646,1
520,1
11550,1
11027,1
9426,1
8876,1
1092,1
13202,1
8559,1
4913,1
10458,0
3771,1
11103,1
1109,1
4655,1
11538,0
1038,1
14483,1
20,0
10796,1
6627,1
5531,1
10520,1
934,0
9995,1
13699,1
13563,1
14173,1
1726,0
4490,0
10287,1
8827,1
1737,0
6436,0
561,0
13162,1
13838,1
12496,0
1162,0
13996,1
10017,1
9365,1
7502,1
1527,0
11082,1
7855,1
2930,1
7691,1
58,0
8747,1
8223,1
12787,1
4483,1
2291,1
6929,1
12863,0
8217,1
14153,1
13154,1
11544,1
1649,0
14801,0
6137,1
2724,1
11515,1
938,0
4510,1
12856,1
14255,0
4694,1
13828,1
6529,0
998,0
11323,1
4528,1
3870,0
9073,1
5354,1
14268,0
2907,0
10760,1
9781,0
3538,1
5993,0
14616,0
915,0
13558,1
4415,1
10279,1
10125,1
1817,0
14645,0
9892,0
3949,1
337,0
2072,1
13299,1
5822,1
11881,1
5143,1
10605,1
3513,0
2815,1
7553,1
13470,1
7671,1
10861,0
8421,1
766,1
3782,1
13571,1
1144,0
12231,1
2510,1
7377,1
2273,1
2860,1
1221,1
10811,1
4864,1
14539,0
7308,1
8001,1
12674,0
12166,0
4924,1
4532,1
6390,1
1672,1
11467,1
12521,1
13538,1
4055,1
7332,1
1808,0
2275,1
3761,1
13728,0
10563,1
9871,1
8630,1
2045,1
9300,1
9156,1
5113,1
1295,0
8513,0
4687,1
3952,1
6556,0
4317,1
14188,1
444,0
5519,1
858,1
14068,1
4439,1
5321,1
841,0
6641,1
6969,1
13887,1
11546,0
994,0
7213,1
9000,1
1554,1
10059,1
1973,0
1951,1
14141,1
11094,1
11313,0
8900,1
2513,1
5559,1
12238,0
2835,1
4700,1
2445,1
2233,1
3050,1
10023,1
400,1
7413,1
9722,1
5198,1
7716,1
9857,1
1023,0
3298,0
6492,1
9068,1
14646,0
11948,1
7965,1
8137,1
4241,1
5424,1
13655,1
10416,0
9322,1
7959,0
4080,1
803,0
1550,0
1009,1
14959,1
10104,1
2737,1
6245,1
5095,1
648,0
8809,1
2862,0
4975,1
7132,0
12710,1
7808,1
550,0
11227,0
5617,1
8998,1
8866,0
211,0
12531,0
8534,1
1781,0
10941,1
3543,1
7475,1
1438,0
2515,1
2868,1
2434,1
5045,0
4792,1
10872,0
9264,1
11937,1
1314,0
11067,1
13675,0
12014,0
3979,0
12,1
6508,1
818,1
2784,0
13064,1
12980,1
453,0
1049,1
14534,0
1656,1
3457,1
14297,0
13104,1
11756,0
13859,0
5139,1
2908,1
14943,1
940,1
14525,0
9636,1
11529,1
12177,0
8655,1
9567,1
4634,1
14621,0
7733,1
6384,0
1400,0
11037,1
30,0
6258,0
13320,1
3677,1
672,0
8431,1
10915,1
6321,1
14279,1
5466,1
11618,0
9494,1
14045,1
1108,0
11436,1
13587,1
3229,1
7582,1
11144,1
12955,0
3319,1
10029,1
5835,1
14838,0
11604,0
12668,0
10661,0
2553,1
4775,1
7356,1
2686,0
7379,1
11181,0
1563,0
14256,1
8085,0
3071,0
11644,1
12562,0
4474,1
11823,1
11848,1
11153,0
4856,1
5268,1
2853,1
12637,0
7637,1
11388,1
9864,1
8926,1
4601,0
13026,1
6853,1
13834,1
2213,1
4929,1
10907,0
10968,1
11941,1
7301,1
2111,1
12780,0
9513,1
6630,1
13610,1
14465,1
8955,1
11095,1
4446,1
13565,1
11225,1
7640,1
5026,1
28,0
14205,0
12019,1
13959,1
13588,1
355,0
1429,1
11063,1
10575,1
10812,1
13042,1
8000,1
332,0
5643,1
8983,1
14604,0
13410,1
4224,1
964,0
10838,1
120,0
4930,0
6480,1
5579,1
12948,1
7749,1
4710,1
3281,0
2370,0
5522,1
2544,1
11989,1
9279,1
2885,1
10041,1
2178,0
8939,1
4898,1
5153,1
1209,0
7890,1
14192,0
9598,1
7581,1
3123,1
12008,1
1544,1
7599,1
14271,1
10725,1
6880,0
11277,1
9621,0
10113,1
13667,0
945,1
10695,1
4550,1
13394,1
14923,0
7886,1
8324,1
9057,1
14283,0
1675,0
9423,1
1561,0
11586,1
14463,0
9430,1
6213,1
11305,1
6044,0
4541,1
1782,1
7157,1
13445,1
1095,0
10389,0
10655,1
7625,0
3287,1
12389,0
677,1
6193,1
2605,1
1392,0
14395,0
14135,1
752,0
1711,0
3737,0
14674,1
14028,1
3215,0
797,0
8211,1
1777,0
4113,1
1770,1
13654,1
14471,0
12778,0
6973,1
6412,0
3022,1
4228,1
13796,1
3012,1
13695,1
9684,0
5764,0
14994,0
4619,1
10994,1
9586,1
6843,1
9932,0
527,0
366,0
6098,1
13768,1
4264,1
4262,1
8265,0
1919,1
701,1
6170,1
14684,0
11288,1
5018,0
7528,0
4423,1
11847,1
4868,1
1298,0
14040,1
1352,1
2926,1
9972,1
11634,1
1287,0
6596,1
11285,1
12264,0
4350,1
8675,0
3697,1
2013,1
10025,0
4373,1
11748,1
5677,0
6831,1
8481,1
2147,1
8802,1
2705,1
5473,1
8496,1
2570,1
10137,1
13507,1
9659,1
13573,0
9742,1
10947,1
810,1
10899,1
5684,1
8249,1
312,0
2073,0
10418,1
11266,1
10977,0
885,1
1477,0
1790,0
9615,1
8341,1
2008,0
3454,1
682,0
3895,1
7655,0
8919,1
11651,1
57,0
13585,1
13539,0
11547,0
2399,1
8416,0
14443,0
4126,0
8818,1
9286,1
1468,1
5761,1
1416,0
470,0
2358,1
2722,0
13152,1
11786,1
12786,1
12714,0
8813,0
4525,1
4610,1
6624,1
12078,0
6041,1
11569,1
3869,1
8847,1
14388,0
14629,0
12295,0
13381,1
10545,1
11780,1
4674,1
1055,0
2281,0
13560,1
7573,1
8176,1
1924,1
6379,1
4907,1
13555,1
13559,0
1075,1
1115,0
3936,1
3533,1
13172,1
460,0
3032,1
4207,1
13371,1
6398,1
5841,1
12947,1
1452,1
2149,1
319,0
13153,0
7516,1
1922,0
10392,1
13329,0
14625,1
12092,0
7456,1
8742,1
14162,1
2129,1
6403,1
8075,1
6478,1
6300,1
13119,0
10905,1
8842,1
14662,1
2509,1
1052,0
6152,1
1681,1
13325,1
4067,0
5024,1
1456,0
12916,1
361,1
11764,1
14384,0
8986,1
14802,1
3145,1
13461,0
8546,0
505,0
10417,1
9395,1
13366,1
10351,1
14083,1
11980,1
540,0
4235,1
5507,1
12699,0
10924,1
9849,1
13546,1
754,1
8267,1
2003,1
2542,1
6073,1
2918,1
7447,1
5218,1
8406,1
4271,1
5875,1
8908,0
100,0
11614,0
9575,1
6860,0
5362,0
4766,1
7750,1
4880,1
9251,0
601,1
9541,1
13384,1
6182,1
7018,1
14991,0
2431,1
8525,1
1044,1
11595,0
1557,0
5009,1
1487,0
6577,0
10496,1
13797,1
8871,1
2115,0
5795,0
13324,1
7028,0
8019,1
5491,1
10528,1
618,0
9362,1
13285,1
13300,1
14672,0
3396,1
1600,0
10275,1
11839,0
1615,0
1752,0
9861,1
2040,1
2083,0
8982,0
14909,0
6199,1
10740,1
11084,1
11262,1
5147,1
14225,0
675,0
2545,1
4371,0
12475,0
3999,1
14250,0
6014,1
5096,1
175,1
14287,0
2208,1
3609,1
11728,1
12970,1
3787,1
13527,1
12497,1
6458,1
2225,1
3049,1
296,0
1126,1
8413,1
14280,0
10934,1
2441,0
12885,1
13230,1
1322,1
1603,0
4210,1
11659,0
12917,1
9427,1
4065,1
1294,0
5007,1
6069,1
6386,1
14026,1
10615,1
13717,1
4071,1
1507,0
9542,1
1559,1
8903,1
5577,1
13007,1
14507,0
12299,1
7741,1
1836,1
5611,1
14998,0
8344,1
5335,0
1354,0
4141,1
9029,1
13254,1
13235,1
4844,1
4723,0
6260,0
13438,0
3280,1
4032,1
6720,1
1235,0
8457,1
8829,1
10561,1
13370,1
12645,0
2251,1
1025,0
11904,0
10923,1
6649,1
14301,0
8071,1
7017,1
3397,1
313,0
636,0
6149,1
8573,1
13143,0
9570,1
12429,0
6922,0
14177,1
8128,1
2970,1
11413,0
2584,1
8638,1
3885,1
14415,1
13289,1
4771,1
7665,0
10713,1
6697,1
9195,1
13264,1
11243,0
8688,1
11993,1
6058,1
1840,0
13639,1
1564,0
3673,1
8040,1
12985,1
4698,0
14962,1
3320,0
5192,1
2272,1
14095,1
6157,1
4254,1
4773,1
6575,1
10086,1
4709,1
847,1
7578,1
5544,1
5526,1
838,1
5461,1
8565,1
8544,1
14518,0
4597,1
5916,0
1417,0
5785,0
11518,1
3848,1
604,0
9364,1
13180,1
2078,1
9711,1
2311,1
9070,1
4343,1
1471,0
1982,0
8521,1
4466,1
199,1
6676,1
485,0
3270,1
4724,1
5728,1
2823,1
4551,1
9731,1
5336,1
3245,0
4453,0
10216,1
5817,1
8251,1
3749,1
2202,0
8292,1
14771,0
2794,0
10684,0
13314,1
12944,1
524,1
10498,1
13880,1
947,0
12425,0
8814,0
11861,0
1280,0
9233,1
122,1
4366,0
5885,1
7066,0
7914,1
2302,1
13540,1
11245,0
9413,1
5820,1
10310,1
1005,1
3460,1
6959,1
11206,1
14326,0
3055,1
3566,1
14735,1
2132,1
501,1
13280,0
3185,1
6153,1
9084,1
229,1
8880,1
4001,0
7840,1
13708,1
10499,0
9201,1
3007,1
12290,0
4587,0
4221,1
4305,1
9697,1
11929,1
2750,1
8991,1
7834,1
4376,0
2944,1
7672,1
7268,1
2718,1
3362,1
11907,1
11044,1
5824,1
8788,1
14612,1
5230,1
10949,0
6746,1
4161,1
12781,1
11523,0
6878,1
8607,1
12329,0
5322,0
5561,0
12448,0
8398,1
13173,1
13286,1
11047,0
10638,1
4867,1
8741,0
1017,1
7946,1
10319,1
9626,1
1928,0
350,0
6703,1
12106,1
223,1
6030,1
14019,1
13024,1
11250,0
9173,1
2500,0
8642,1
9648,1
564,0
1582,0
5545,0
2175,0
9923,1
9157,0
14969,0
3933,1
11943,1
2707,1
14813,0
9694,1
5211,1
14584,0
9209,1
11925,0
3535,1
8563,0
9661,1
2397,1
6657,1
3739,1
12961,0
821,1
2063,1
12924,1
10119,1
81,0
5419,1
9887,1
13896,0
13005,1
2697,1
831,1
4574,1
3826,1
5924,1
14553,1
1397,0
13282,1
2833,1
9920,1
13947,0
14299,0
9004,1
13266,0
7191,0
48,0
13092,0
10946,1
9432,0
6512,0
13203,1
7333,1
12408,1
6357,0
4095,1
2689,1
1189,0
10826,1
4845,1
5210,0
3990,1
2373,0
11038,1
5676,1
13236,1
2758,1
9935,1
6607,1
9746,1
9638,1
2488,1
2579,1
8798,0
12132,1
3880,1
9906,1
11895,1
10022,1
4934,1
13770,1
8142,1
2209,0
5235,1
3945,1
11816,1
9693,1
2164,1
2886,1
14961,1
10819,1
14905,0
516,0
14722,1
12021,0
5666,1
172,0
639,0
12176,0
8934,1
14907,1
13917,0
5065,1
1143,0
10768,1
13126,1
12552,1
13884,1
1832,1
9720,1
8861,1
3686,1
6227,1
5700,1
11345,1
13574,1
4537,1
3515,0
12366,0
834,1
2486,0
11184,1
8538,1
9243,0
13399,1
13228,1
9315,1
5467,1
4915,1
65,1
8034,1
7507,0
10182,1
2024,0
1872,0
354,0
5360,1
1767,1
12388,0
9393,1
6405,1
4762,1
1164,0
12137,0
8736,1
3395,0
8284,1
14995,0
4568,1
9307,1
3127,1
7228,1
6946,1
309,0
7201,1
13194,0
14084,1
10628,1
9125,1
4354,1
8696,1
9943,1
8203,1
3587,1
13416,1
2583,1
11430,1
2770,1
4812,0
10781,1
10827,1
5087,1
324,0
5171,1
5648,1
6743,0
3209,1
9883,1
3905,1
12360,0
1292,0
5638,0
14432,0
8498,1
8898,1
2379,1
11452,1
10890,1
3634,1
4169,0
8686,1
6658,1
12750,0
14714,0
3428,1
4421,1
1101,0
8791,0
7897,1
14306,0
3250,1
4409,1
4140,1
3557,1
709,0
118,0
2022,1
4598,1
7284,1
6130,0
7293,1
6952,1
12996,1
2374,1
14448,0
10746,1
9353,1
5227,1
10643,1
6606,1
4681,1
8159,1
8374,1
5003,0
13147,1
8051,1
8157,0
4273,1
5739,1
12598,0
13788,1
13738,0
5470,1
5816,1
1158,1
10952,0
10491,0
87,0
7699,0
3382,1
9927,1
10727,1
403,1
14599,0
3350,1
13447,1
7589,1
13792,1
6378,1
2241,1
10675,0
6552,1
14889,0
9835,1
6310,1
1027,0
14554,0
3803,1
5517,1
2436,1
4689,1
12728,0
5298,0
1278,0
8361,1
6856,1
2042,1
9677,1
6654,1
6074,1
5157,0
1425,0
5027,1
5281,1
10807,1
1502,0
14610,0
12844,0
12274,0
9674,1
12867,1
6064,1
678,0
6673,1
5851,1
7194,1
10413,1
5265,1
9314,1
8455,1
13740,1
5053,1
5215,1
1850,0
6522,1
1070,1
7931,0
6784,1
10443,1
2480,1
12460,0
3392,1
1099,0
5484,1
9102,1
11605,1
418,0
9468,1
5819,1
7887,1
1947,1
8449,1
3336,1
2299,0
9161,0
9164,0
14668,1
208,0
8287,1
3682,1
13858,0
8221,1
14571,0
528,0
5329,1
779,0
722,0
12263,0
13661,1
7313,0
1860,1
12719,1
14340,0
12701,1
13614,0
1992,0
2332,1
9740,1
6339,1
9912,1
8511,1
6117,1
3459,1
7612,1
6567,0
11267,1
8296,1
11765,1
11390,0
5492,0
8665,1
4518,1
10990,1
8196,0
5138,1
6755,1
11194,1
12489,1
257,0
12128,0
11306,0
14414,0
11960,1
6931,1
13761,1
13244,1
3625,1
702,0
3189,1
503,0
11783,1
13231,1
5441,0
2556,1
848,0
2248,1
5616,0
8720,1
372,0
13288,1
5317,1
10623,1
5487,1
5303,1
4052,0
3937,1
6252,1
14839,1
8097,1
12226,0
10723,1
4076,1
997,1
4332,1
9971,0
1176,0
14530,0
551,1
4840,1
14484,0
4372,1
3497,1
10162,1
7711,1
7484,1
1407,1
12657,0
12603,1
5176,1
5829,1
6062,1
13333,1
9960,1
6775,1
3588,1
11463,1
11334,1
693,0
2533,1
5011,1
3443,1
982,1
12265,1
5943,1
14130,1
4222,1
91,1
5652,0
2266,1
10722,1
8028,0
9511,0
9572,1
261,1
13921,1
3337,1
5497,0
9858,1
4016,1
3626,1
9285,0
445,0
6752,1
5111,1
5965,1
3555,1
2194,1
8099,0
7338,1
12815,1
3367,1
11897,1
2867,0
2526,1
9955,1
12964,1
8290,0
13038,1
1168,1
4144,1
5149,0
84,0
3149,1
12627,0
880,0
6747,1
9282,0
6535,1
14332,0
9055,1
1467,0
11876,0
5641,0
6537,0
9417,0
452,0
4326,0
4044,1
11574,0
4137,1
3039,0
9728,0
13273,1
8412,1
5825,1
7793,1
579,0
5236,0
6571,0
14536,0
7174,1
7467,1
14126,1
8972,1
11025,1
5587,1
11776,1
2467,1
4157,1
6349,0
9459,1
413,0
402,1
4428,1
2084,1
3057,1
13135,1
13570,1
7060,1
164,1
11746,1
10043,1
13390,1
4302,1
10635,0
11178,1
3317,1
12005,0
8840,1
3934,0
6851,0
1847,0
11810,1
1334,0
11497,1
13227,1
10295,1
9415,0
753,0
3064,1
13580,1
6997,1
7536,1
9249,1
706,1
3491,1
9574,0
13562,1
4573,1
13779,1
7054,0
5580,1
7572,1
6840,1
3151,1
14580,0
6523,1
14038,1
3799,1
4022,1
8870,1
1074,1
14179,1
12189,0
3438,1
13086,1
13415,1
10000,1
2429,0
246,0
3815,1
8382,0
3632,0
14050,0
2262,1
2246,1
835,0
5064,0
6202,1
432,0
9921,0
1173,0
8373,1
6437,1
11697,1
4656,1
8653,0
5289,1
3757,1
12248,1
11642,1
250,1
14034,1
14678,0
7334,1
13513,1
7949,1
8015,1
13831,1
3407,1
2729,1
14852,1
8947,0
433,1
9904,1
7422,1
7592,1
11325,1
13643,1
10540,1
14572,1
11089,1
12347,0
11917,1
5629,1
4002,0
9210,1
4753,1
1332,0
9853,1
8098,1
4196,1
1443,0
3681,0
11879,1
4310,1
7448,1
4899,1
8271,1
3985,1
10676,1
13869,1
13258,0
12779,0
2569,1
10711,1
4277,1
3666,1
9231,1
14856,0
2446,1
6821,1
11711,1
6520,0
5802,1
3657,1
11484,1
12087,0
3172,1
1223,1
7272,1
3639,1
4166,1
544,0
1204,0
12413,0
14654,1
13666,1
7242,1
2637,0
14524,0
8209,1
14543,0
12243,0
6758,1
13079,0
11158,1
877,0
12148,1
196,0
14618,0
3383,1
4379,0
10325,1
11770,1
2997,1
3908,1
2571,1
1755,1
6496,1
13734,0
14063,1
14365,0
5721,1
6443,0
14143,1
4969,1
6964,1
6814,1
6479,1
4711,1
4163,1
12522,0
8375,1
11236,1
12390,1
2682,1
9147,1
2508,1
8072,1
1510,1
4314,0
12620,1
8482,1
5356,0
6639,1
5972,1
1244,0
3734,0
8862,0
13506,1
4121,0
12794,1
4995,1
10843,1
8317,1
1876,0
8957,0
5262,1
254,1
10117,0
4511,0
9265,0
5159,1
12364,0
12471,0
759,0
5481,1
654,0
5297,0
9385,0
5812,0
5288,1
2892,1
3401,1
7626,1
5636,1
1420,0
3044,1
2830,1
10134,1
328,0
11354,1
253,1
13530,1
7318,0
6159,1
5323,1
8664,0
9782,1
4377,1
6022,1
5092,1
12623,0
5377,1
3019,1
3029,1
12952,1
2636,1
13176,1
9531,1
1131,0
3018,1
2945,1
3659,0
10588,1
11070,1
12136,0
14032,1
2663,1
13735,1
5378,1
8358,0
1362,0
7180,1
13063,1
5533,0
3481,1
14450,0
6255,1
14837,0
8746,1
12707,1
5112,0
5940,1
7978,1
9334,1
10143,1
2880,1
5839,0
3381,1
12549,0
1302,0
14211,0
7442,1
4957,1
4836,0
14494,0
8703,1
9554,1
5720,1
8139,1
9617,1
942,0
12615,0
3235,1
14828,1
3257,1
11321,1
11076,1
176,0
435,0
12486,0
7049,1
308,0
1565,0
3964,1
6727,1
2135,1
9059,0
13848,1
9226,0
10327,1
4977,1
8663,0
12255,0
595,0
7393,1
2276,1
7072,1
6830,1
4625,1
9244,0
5332,0
11050,1
5351,1
12462,1
2623,1
9627,1
4572,1
11341,1
13730,0
231,1
179,0
7879,1
737,0
14421,0
11887,1
13750,1
3865,1
5865,0
10957,1
6057,1
10942,0
11532,1
109,0
5705,1
8480,1
1321,1
5935,1
1995,0
6495,1
755,0
8218,0
14072,0
5137,1
10203,1
800,1
11320,1
2086,0
5501,0
6200,0
9548,1
69,0
5367,1
9635,1
13040,1
13322,1
5682,1
9030,1
11187,0
10148,0
5170,0
1680,0
10650,1
377,0
1469,0
9713,1
5961,1
2603,1
4181,0
11419,1
7868,0
8826,1
11620,1
14193,1
4505,1
11533,1
7048,0
4230,1
9023,1
13602,0
3091,0
2726,0
477,0
1329,0
2283,1
3732,0
14470,0
9675,1
5873,1
5557,1
751,0
14116,0
2300,1
12616,0
873,1
6620,0
8447,0
5127,1
9809,1
13358,1
4564,1
1545,0
739,0
14370,0
2683,1
11474,1
12213,0
11055,0
5121,1
6984,1
6795,1
9965,1
7608,0
3518,0
14754,1
2354,1
12655,1
13988,0
773,0
9381,1
13521,1
5200,1
13684,0
641,1
10078,1
8913,0
8726,1
3203,0
7288,1
4309,1
5204,1
6249,1
865,1
5516,0
9616,1
14350,1
14796,0
6923,1
14830,0
10363,1
9414,1
10080,1
962,0
10920,1
11098,1
10095,1
14573,0
10476,1
13138,0
3309,0
2166,1
363,1
14709,0
3723,0
2825,1
5133,1
7670,1
3597,1
4726,1
546,0
2940,1
471,0
1641,0
12093,0
3338,1
8215,0
1172,0
6983,1
12543,1
5273,0
6672,0
6085,0
10597,1
8011,1
12883,1
9162,1
3364,0
8161,0
14985,1
6724,0
12826,1
1410,1
12935,1
9578,1
6666,1
10519,1
11129,1
2694,1
815,1
6500,0
6762,1
10762,1
7322,1
2131,1
1797,0
10624,1
7727,1
4575,1
5190,0
3122,1
7540,0
5853,1
5365,1
13398,0
4275,1
13890,1
3089,1
11957,1
12709,0
14974,0
9608,1
5253,1
237,0
1532,1
14136,0
8401,1
3410,0
2831,0
13671,1
7779,1
1535,0
13763,1
3879,1
7435,0
5302,1
12694,1
12487,0
12431,0
1299,1
6739,1
6273,1
5499,1
11691,0
12308,0
14476,1
6934,1
8180,1
14073,1
12001,1
1480,0
2793,1
1601,1
14673,1
5091,1
7983,1
7067,1
6804,1
2329,1
11059,1
8336,1
9246,0
10780,1
3661,1
11940,1
14790,0
555,0
4825,1
1163,1
5680,1
14112,0
4715,1
397,0
11630,1
2506,0
13201,1
3836,1
9859,1
9192,0
3010,1
12526,0
723,0
300,0
12589,0
13008,1
7328,0
4294,1
14833,0
4185,1
13487,1
6954,1
8268,1
14749,1
3142,1
9938,1
13478,1
14292,0
3205,0
4955,1
4582,1
14368,0
7367,1
14355,1
10989,0
14690,0
13044,1
7433,0
7704,1
12278,0
1152,0
14422,0
6965,1
1212,1
4503,1
7055,0
8140,1
12296,0
14881,0
5894,1
13786,0
12698,0
10753,1
5427,1
9443,1
10933,1
665,1
13532,1
7216,1
5994,1
642,1
13873,1
3767,1
4272,1
12783,1
14506,0
6123,1
8330,1
786,1
2857,0
6112,0
10611,1
3202,0
9436,1
13978,1
13516,1
7600,1
4187,0
7853,1
13255,1
12758,0
4824,1
10157,0
6067,1
2905,1
4626,0
9634,1
996,0
7131,1
13349,1
14512,0
7246,1
10701,0
6408,1
7787,1
6250,0
9750,1
8055,0
14295,0
5523,1
10299,1
7505,1
6275,1
12224,0
156,1
9886,1
3085,1
10424,1
1552,0
8773,1
9718,1
495,1
2321,1
912,1
9043,1
151,0
11896,1
10460,1
10242,1
1738,1
3001,1
11462,1
6961,1
13522,0
2883,1
3720,1
7127,0
888,0
5471,1
3201,1
9975,1
4823,1
4704,1
343,0
4136,0
13582,1
3188,1
4522,1
2223,1
2121,1
6858,1
10384,1
9668,0
10100,0
10619,0
7366,1
12205,0
4734,1
1465,0
4593,1
3565,1
5840,0
283,0
13908,1
6175,1
10289,1
4151,1
14500,0
8997,0
7376,0
8541,0
14786,0
8763,1
3161,1
2630,1
11849,0
13127,1
13425,0
1203,0
13677,1
10164,1
616,0
3114,0
12124,0
7481,0
9329,1
2728,1
13292,1
12341,0
9894,1
1357,0
9566,1
7798,1
13547,1
13411,1
1590,0
14579,1
3140,1
5338,1
547,0
7118,1
11590,1
13882,1
26,1
1067,0
3918,0
6604,0
5529,1
6678,1
5398,1
8641,1
8081,1
10311,1
14214,1
437,0
13658,1
5269,1
1861,0
10441,0
12641,1
2706,0
12670,0
5325,1
6957,1
11526,0
13759,1
8852,1
9124,0
4011,1
13424,1
534,1
11265,0
585,0
10612,1
11933,1
10138,1
11429,1
8727,1
6464,1
11740,1
13976,1
1916,0
13242,1
8107,1
14253,0
1910,0
8855,1
8709,1
1133,1
9758,1
10752,1
1317,0
4368,1
8313,0
11455,1
10680,1
7325,1
6080,0
8944,1
2601,1
6568,1
2173,0
3605,1
6429,0
7995,1
3768,1
5077,0
8274,1
4631,1
14811,1
240,0
10639,1
8420,1
7602,1
8568,1
1867,0
8805,1
14870,1
2521,1
9875,0
1820,0
2410,1
8243,1
6637,1
5187,1
11716,1
4565,1
7942,1
12331,0
6391,1
2118,1
3779,1
4961,1
2809,0
498,0
13844,1
10021,1
4284,0
10190,1
8968,1
228,1
8760,1
12204,1
2741,1
9507,1
6001,1
5718,1
10219,1
5583,1
12635,0
12720,0
9063,1
1128,0
12584,0
1706,0
7450,1
3153,0
9481,0
10670,1
14413,1
6240,1
7104,1
9463,0
2721,0
7445,1
7893,1
14461,1
12179,0
8042,1
9143,0
9401,1
13462,1
10212,1
10341,1
10850,1
11316,1
6054,1
12284,0
12352,1
2550,0
7440,1
6768,0
9707,1
13298,1
6449,1
10358,1
14583,0
2644,1
13112,1
4487,0
2061,1
4645,1
14081,1
12958,1
14501,0
13498,1
7265,1
4174,0
12484,0
8940,1
11942,1
983,0
10170,1
5480,1
11743,1
4797,1
14896,1
3662,0
14977,1
6947,1
4657,1
6414,1
3150,1
9399,0
8911,1
4813,1
5969,0
2939,1
1340,0
1391,1
9672,1
12911,1
9254,1
10885,1
11007,0
9024,1
6146,0
1412,0
2256,1
11079,1
10730,1
6120,0
2212,1
5603,1
6004,1
5417,1
4938,1
3624,1
3158,1
4267,1
463,1
1754,0
9222,1
9022,1
6380,1
3829,1
378,0
10005,1
1335,1
14537,0
2716,1
13310,1
10280,1
14758,0
9703,0
6322,0
9224,0
9800,1
1894,0
4661,1
14171,1
7769,1
7090,0
6221,1
9772,0
10027,1
7037,0
8612,1
8683,0
8701,1
8645,1
13261,1
12715,0
3992,1
6691,0
1030,0
2220,1
14691,0
13800,1
3793,1
10932,0
11616,1
4327,1
12812,1
8302,0
14232,0
14404,0
5731,1
2917,1
5586,1
12009,0
6326,1
1515,1
14182,1
13597,1
13421,1
2263,1
4479,1
4239,1
12737,0
12578,1
893,1
1490,0
12006,0
9656,1
8516,1
2933,1
13783,1
1129,0
731,1
3084,0
7297,1
4588,1
2795,1
7601,1
798,0
6232,1
734,0
8687,1
2244,1
178,0
1174,0
790,0
12025,1
198,0
11715,0
7675,1
548,1
3339,1
9212,0
7465,1
8698,1
13607,1
13502,1
7533,1
66,0
4712,1
5214,1
11994,0
5033,0
10166,1
2572,1
10240,1
12275,1
622,0
6222,1
787,0
3332,1
14440,1
6008,1
10558,1
8334,0
13122,1
13459,1
8695,1
515,1
478,1
4476,1
12276,0
8817,1
6899,1
1033,0
11255,1
2598,0
1514,0
6191,1
10863,0
7237,1
5753,1
10149,1
12896,1
8236,1
8536,1
5521,1
1462,0
7915,1
1871,1
12207,1
7209,1
10071,1
7349,1
4623,0
9460,0
4818,0
220,0
12472,1
9001,0
2476,1
4248,1
11440,1
13736,1
12563,0
6487,1
9419,1
9716,1
5650,1
13647,1
11836,0
8052,1
13782,1
2881,0
1677,0
6060,0
901,0
11423,1
14291,0
2296,1
14304,0
8488,1
9003,1
8883,1
12622,0
11071,1
6772,1
11843,1
7257,1
2580,1
7966,1
14229,0
11115,0
14789,1
10880,1
9350,0
5254,1
681,0
13972,1
3159,1
10868,0
2987,1
4908,1
1882,0
8679,1
1940,0
3296,1
3534,1
5974,1
3729,1
490,1
5708,1
1181,0
1375,0
5014,1
626,0
4758,1
10335,0
11448,1
12804,1
4180,1
13484,1
8777,1
2887,1
4539,1
10690,1
6671,1
6453,1
1366,0
2639,1
14203,1
5602,1
13557,1
5730,1
7204,1
5296,1
10912,1
2938,1
10236,1
12987,1
5979,0
4534,1
10118,0
7669,1
7607,1
12011,0
12346,1
12424,0
14713,0
6681,1
5428,1
5266,1
10542,0
14711,1
1784,0
7116,1
494,1
9075,1
9735,0
2038,1
4041,0
2897,1
8558,1
11020,1
9843,1
9950,1
2653,0
10315,1
8514,1
2031,1
5089,1
813,0
7235,1
6280,1
13806,0
1079,1
2226,1
11679,1
13711,0
12894,1
3261,1
5649,0
3862,1
2936,1
11233,1
7080,1
3917,1
12195,0
305,0
4056,0
14272,0
2999,1
10057,1
1231,0
2313,1
11772,1
13334,1
12789,1
4321,1
14874,0
6470,0
14892,0
7500,1
12642,1
3899,1
3567,1
5452,0
8022,1
12969,1
13218,0
4270,1
8531,1
4086,0
6663,1
13402,0
588,1
3365,1
2670,1
5515,1
14922,0
12899,1
2395,1
5506,1
2170,1
14071,1
8134,1
13744,1
14103,1
9044,1
12499,1
5673,1
2774,1
7620,1
6559,0
9338,1
8456,0
9644,1
14047,0
5798,1
5982,0
5882,1
13276,0
9261,1
2181,1
12662,1
1473,0
6103,1
11676,1
9149,1
9549,0
421,0
2306,1
12801,1
171,0
3956,0
5606,1
13864,1
8462,1
1725,0
10214,0
14030,1
11647,0
904,0
3494,1
8346,0
9727,0
7797,1
7396,1
12512,0
2080,1
7928,0
11257,1
7933,0
9855,1
10649,1
7211,1
4677,1
6533,1
5209,1
2646,1
11449,0
10944,1
9878,0
11327,1
10549,1
6365,1
13006,1
2155,0
14792,1
7370,1
14787,0
7837,0
3715,1
8111,0
10939,1
12426,1
3622,1
4516,1
7354,1
8750,0
1436,0
507,0
5275,1
5663,1
5402,0
5930,1
2339,0
9869,1
4386,1
14740,0
7680,1
11525,1
8693,1
643,0
1539,1
1211,0
11026,1
14773,0
8864,1
6106,1
5615,1
13188,0
1464,0
1192,0
3590,1
9696,0
6360,1
8697,0
12186,0
6719,0
506,1
11085,1
9248,1
9305,1
9613,1
1773,0
272,1
12229,1
3618,1
2381,0
7008,1
13115,1
4633,0
8504,1
746,0
7707,1
3569,1
12785,1
8557,1
6448,0
5599,0
10976,1
10765,0
8572,1
10565,1
1912,0
14352,0
599,0
3892,1
5540,0
1652,1
8106,1
1893,0
14129,1
6502,1
4362,1
14657,0
375,1
1966,0
3957,1
13169,1
5696,0
1243,1
12372,0
12074,0
11495,1
941,0
10346,1
3346,1
2657,1
14667,1
9778,0
5326,1
9804,1
6578,1
2799,1
4306,1
10841,1
11524,1
7244,0
298,0
12228,1
3823,0
9933,0
7977,1
2035,1
4039,1
9806,1
12209,0
1499,0
3512,1
14879,0
8844,0
8362,1
6828,0
7130,1
11021,1
9191,0
4085,1
242,0
12745,0
1644,1
7371,0
9455,0
5594,0
11235,1
11612,1
5231,1
2076,1
4103,0
7493,1
5968,1
12524,1
11831,1
3966,1
10381,0
14682,0
14361,0
6754,1
9947,1
13189,1
12465,0
4078,1
7754,0
8832,0
2778,1
4603,1
4932,0
1985,0
3861,1
7774,1
325,0
14074,1
6394,1
14860,0
4054,1
2237,1
5229,1
4571,1
8976,1
7454,0
1268,0
864,0
4942,0
2253,0
6010,1
6911,0
9814,1
6998,1
371,0
10731,1
7940,1
609,0
4651,1
12540,0
8872,1
13453,1
14473,0
13618,1
2364,1
7766,1
7148,0
3789,1
10936,1
5581,0
9238,1
5060,1
14708,1
13199,0
8671,1
662,1
10705,1
10171,1
2776,1
4535,1
7189,0
14597,0
5573,0
6135,1
4427,1
5247,0
10391,1
3981,1
7825,0
2669,0
3977,0
279,1
13583,1
8718,1
7452,1
5197,1
13376,1
13974,1
4155,1
10122,0
4883,1
5807,0
3809,0
8713,1
9234,1
4683,0
10620,0
12617,1
10718,1
5593,1
10806,1
6897,1
4563,1
8376,1
10261,1
10697,1
1269,0
2350,1
8745,1
1384,0
9378,1
9036,1
5856,1
297,0
8635,1
13196,1
11598,1
9834,0
2077,1
9376,1
11959,1
2229,1
2842,1
2537,1
194,1
12428,0
7362,0
6636,1
7498,1
12547,0
4042,1
6553,1
5505,1
6854,0
6761,1
5300,1
13458,0
320,0
7135,0
1371,0
14724,0
2654,1
9099,1
10472,1
3398,1
8532,1
9592,1
11263,1
10567,1
12614,0
926,1
244,1
7469,1
8207,1
143,0
5983,1
8151,0
2363,1
14717,1
129,0
1161,0
10397,1
14692,0
5953,1
287,0
9379,0
5308,1
8681,0
1170,0
13124,1
11056,0
6792,1
10974,0
1859,0
10689,1
10186,1
6781,1
14600,0
10184,0
3121,1
8579,1
1311,0
1032,1
8339,1
14249,0
6382,1
7910,0
931,1
691,0
14460,0
6364,1
1909,0
9021,0
13374,1
14175,1
44,0
3939,1
12387,0
7108,1
9240,0
4319,1
2965,1
3969,1
13439,1
13474,1
12908,1
7478,1
6308,0
4159,1
3092,1
11705,0
7954,1
5555,1
3982,1
10092,1
6940,1
1404,1
3195,1
9445,1
10264,1
9745,0
969,0
12158,0
6543,1
9117,1
2843,0
2851,1
12343,0
13857,1
5956,1
10608,1
11955,1
4471,1
13689,1
12030,0
1789,0
12401,1
2059,1
7143,1
13809,1
1902,1
4686,1
11985,1
8090,1
4922,1
6785,1
13340,1
75,0
2345,1
6447,1
8430,1
8622,0
4586,1
14439,1
14606,0
9340,1
12214,0
1553,1
5874,0
8432,1
8975,1
12467,0
14633,1
9169,0
11203,0
5695,1
2941,1
9974,1
10009,1
7381,1
14873,0
1620,0
14986,1
7905,1
12594,0
12150,0
6782,1
12245,0
14651,0
10032,0
1609,1
3096,1
2415,1
10502,1
2017,0
2971,1
14702,0
3246,0
124,0
1106,0
1814,1
11686,0
13741,1
8790,1
2123,1
14087,0
10484,1
10714,0
8970,1
14499,1
2197,1
4051,0
1216,0
7701,1
725,0
9170,1
808,1
13937,1
10437,1
4906,1
10452,1
13556,1
3962,1
13287,1
2671,1
9529,1
1764,0
10710,1
607,0
12930,1
14298,0
3217,1
5737,1
8479,1
2053,0
3164,0
13055,1
13816,1
13338,1
1657,0
8069,1
8644,1
2710,1
13747,1
7549,0
4266,1
6715,1
422,1
5316,1
8849,1
2845,1
4066,1
14495,0
5244,1
1001,0
4198,1
2418,1
13794,1
3575,1
6726,1
3847,1
961,1
9620,0
10438,1
14883,0
757,0
5313,1
2284,1
9387,0
4827,1
13278,1
807,1
3907,1
7023,1
1956,0
9343,1
11775,1
12216,0
2402,1
10771,1
1073,0
6524,1
12753,0
14990,1
8095,1
12691,0
12572,1
11201,1
11965,1
1003,0
7658,1
13652,1
7566,1
13850,1
5368,1
12101,0
6289,1
9969,1
13207,1
9546,1
985,0
10761,1
6169,1
11468,1
7384,1
10432,1
13701,1
9725,1
14052,1
2462,1
268,0
7962,1
3580,1
71,0
13975,1
11539,1
2821,0
13457,1
589,0
10466,1
9870,1
13543,1
11635,1
13634,1
3758,1
6845,1
2028,1
8869,1
10764,1
5454,0
12738,0
11668,1
12474,1
13983,1
2432,1
4647,0
8469,1
9664,1
896,0
12332,0
1587,0
6686,1
1719,1
6100,1
3806,1
8806,0
11500,0
3961,1
10010,1
7036,1
12687,0
890,0
13517,0
4006,1
4939,1
11868,1
9712,1
5898,0
11270,0
11961,1
14400,0
584,0
3932,1
1260,0
10455,1
310,0
1716,0
6009,1
2052,1
10409,0
4668,1
4298,1
6646,0
3783,1
1008,1
7347,0
12502,0
14548,0
8383,1
10115,1
4059,1
8721,1
90,0
1987,1
10830,1
13142,1
7279,0
12032,0
14144,1
13016,0
14238,0
13178,0
13660,0
2925,0
9980,1
8185,1
5884,1
2341,1
11351,1
10648,1
627,0
10064,1
7545,1
9737,1
4765,1
14407,0
12656,1
128,0
11967,1
11326,1
4182,1
7299,1
6995,0
2398,1
13430,0
1186,0
10511,0
14574,1
5314,0
9220,0
4247,1
14328,0
9107,1
1096,0
6653,1
1273,1
5698,1
9590,1
8728,0
6797,0
6615,1
3358,1
7755,1
183,0
11845,1
13902,0
6513,1
4567,1
6603,0
12433,1
1961,0
4992,1
4891,1
8039,1
5869,1
14226,0
6226,1
11264,1
10609,1
1251,0
3176,1
3359,1
10304,1
9623,1
11599,1
13492,1
7411,1
7538,1
1051,0
9221,1
8464,1
4763,0
14824,1
1874,1
9278,0
7282,0
9008,1
14679,1
4322,1
9448,1
5831,0
12156,1
10097,0
10365,1
13144,1
11658,1
4485,1
8615,0
3924,1
14218,1
9562,1
11064,1
7850,1
12108,1
3113,1
3303,0
9536,0
1690,0
12663,0
5048,1
14233,0
3308,0
1504,1
1806,0
3871,1
9966,1
3791,1
14284,0
11591,1
10434,1
1717,0
2696,0
1848,1
4512,1
11469,1
6622,1
3435,0
14152,1
142,0
10501,0
6992,1
10111,0
9877,1
1117,1
1756,0
497,1
6751,1
870,0
3357,1
9104,1
7678,1
721,0
886,0
14403,1
10987,1
12450,1
8347,1
8102,1
13041,1
10228,1
314,0
14435,0
11317,1
4204,1
5850,1
6129,1
5447,0
3129,1
1996,0
11557,1
3968,1
11840,0
336,1
11841,1
12553,1
10383,1
2985,1
4620,1
6531,1
9856,1
3558,1
13674,1
3416,1
307,0
14891,1
11369,1
348,0
5918,1
13179,1
7243,1
14258,1
4482,1
9421,1
8263,1
10090,1
6855,1
12190,0
10717,1
12210,0
10069,1
1666,0
7579,0
5570,0
52,0
9964,1
6263,1
1445,1
9842,0
11592,1
1695,1
1574,0
13609,1
4405,1
1630,0
12606,0
1881,0
5074,1
5509,1
13239,1
10151,1
9040,1
10645,1
13486,1
186,0
5558,1
7185,1
13872,0
11508,1
6587,1
1234,0
14728,0
3915,1
446,0
844,0
5201,0
13191,1
11553,1
2440,1
3103,1
7692,0
4774,0
6974,1
6094,1
9486,1
2153,1
5518,0
12007,1
5067,1
12653,0
11545,1
12485,0
776,0
8417,1
13943,0
6324,0
4920,1
14122,1
9182,1
14247,0
10570,1
3136,1
12626,0
5462,1
3183,1
12446,0
7522,1
11899,1
3199,0
11340,1
1289,0
14275,0
14318,0
11147,1
7542,1
1879,0
12733,0
13743,1
5457,1
2148,1
4131,1
1036,0
8828,1
14294,1
4134,1
649,0
9275,1
6711,1
861,0
9095,1
191,1
8301,0
6026,0
1942,0
4331,1
13283,1
8775,1
7972,1
13070,1
11210,1
11113,1
2775,0
4145,1
12905,1
2617,1
2411,1
1094,0
6065,1
1546,1
4589,1
6034,1
10153,1
6953,1
3135,1
3856,1
13830,1
6419,0
3805,1
13073,0
9918,1
7431,0
6774,1
13175,1
464,1
1257,1
2259,1
5630,0
14531,0
6231,1
7382,1
10581,1
12369,0
1262,0
13505,1
7212,1
975,0
10721,1
5866,0
9133,1
6582,0
2387,1
14591,0
5021,1
7129,1
12527,0
3882,1
6055,0
13632,1
10669,1
3875,1
2789,1
9136,1
13330,0
1857,0
13004,1
4108,1
5213,0
8281,0
3255,0
7323,0
2690,1
7389,0
4627,0
11164,1
1319,0
11308,1
14821,0
5162,1
10871,1
10359,0
1135,0
4529,1
3505,0
4749,1
7086,1
9946,0
14803,0
6336,0
10938,1
6982,1
12765,0
2505,1
2904,1
570,0
1448,0
3414,1
12079,0
11790,1
9290,1
11914,1
6837,1
3226,1
14615,1
4383,0
9229,1
7845,0
3539,1
10585,1
13444,1
2827,1
5780,0
4996,1
1338,1
3262,1
7876,0
14231,0
6838,1
5741,1
650,0
6039,0
2258,1
5395,1
13100,1
7082,0
13553,1
3521,1
11258,1
4478,1
5660,1
13053,1
67,1
14062,0
11875,0
7609,1
1258,1
11962,1
14003,1
991,1
3504,1
8305,1
919,1
165,0
9876,1
12811,1
9141,1
4594,0
12147,0
2850,1
10894,1
14967,0
12169,0
4460,0
11173,1
6623,1
9306,1
12573,0
8490,1
9867,1
2735,1
5669,1
4988,0
13501,0
2378,1
10401,1
4172,1
8092,1
11984,1
2103,0
3759,0
11678,0
1837,0
12029,0
12451,1
12227,0
5710,1
8799,1
4500,1
1093,1
10393,1
6718,1
11971,1
8960,1
160,0
203,0
6483,1
3940,1
14784,0
4933,1
7647,0
1230,0
9166,1
3046,1
7957,0
2915,0
13849,1
4251,1
6111,0
6204,0
2725,1
4290,1
4334,1
383,0
7485,1
4886,1
857,0
370,0
6539,1
2561,1
3801,0
5455,1
13697,1
12314,0
6859,1
12416,1
13017,1
14405,1
5944,0
615,0
2575,1
53,0
11976,1
3340,1
11624,1
9897,1
13596,1
10098,1
10051,1
13805,1
5876,1
10550,0
8995,1
1812,0
990,0
10388,1
12576,0
8411,1
2942,1
9480,1
3163,1
4678,0
2618,1
3612,1
8235,1
7871,1
11981,0
3792,1
9695,0
10129,1
3439,1
1892,0
14462,1
13997,1
5255,1
5167,1
6460,1
1505,0
10354,1
670,0
9471,1
11365,1
897,0
3306,1
8026,1
6239,1
2890,1
6003,1
7739,1
11416,0
10848,1
8397,1
2,0
9961,1
12749,1
6079,1
531,0
12931,1
8181,1
13724,1
6476,1
13383,1
12708,0
8923,1
3406,1
5991,1
6328,1
10373,1
2565,0
2581,1
12235,1
8385,1
2607,0
10483,1
14215,0
9447,1
2104,0
13952,1
10679,1
13729,1
4994,1
11202,0
5057,1
658,0
4434,1
14248,0
3816,1
6773,1
13111,1
9813,1
14147,1
7260,1
3904,1
10692,1
13357,1
9288,1
6811,0
10788,1
9359,1
3700,1
11434,1
1788,0
13960,0
6314,1
3645,1
1776,0
192,1
9012,1
10260,1
12900,1
14351,0
5388,1
10306,1
4951,0
2687,0
4390,1
4927,1
5552,1
11689,1
238,0
13907,1
10256,0
6901,1
10950,1
14863,0
9137,1
12384,0
8640,0
5097,1
10825,1
11172,1
10334,1
3552,1
14954,0
3360,1
8328,1
5628,1
7751,0
5783,1
4507,0
12675,0
146,1
12013,0
2294,1
7178,1
9928,1
14305,0
10763,0
14222,0
12442,1
8690,0
7081,1
4733,1
8912,0
4384,0
10272,0
13758,0
11572,1
4545,1
596,1
13641,1
10537,1
5164,1
13720,1
1647,0
6815,1
2700,1
1700,0
2773,1
6968,1
8143,1
6219,1
86,0
14643,0
12251,1
13131,1
2594,1
1029,0
136,0
6972,0
11195,0
7024,1
2854,1
1200,1
6121,0
9763,0
8758,1
12820,1
6296,1
3927,1
10105,0
13247,0
8468,1
3606,1
13377,0
2330,0
2187,0
195,0
5059,1
802,1
2668,1
241,0
2068,1
10313,1
13128,1
644,1
9116,1
5103,1
1637,0
7552,0
8312,1
3074,0
9014,1
7296,1
3278,1
8003,1
4970,1
14120,1
8326,1
6915,1
10467,1
7829,1
62,0
11852,1
11906,1
13954,1
10951,1
10842,1
679,1
2041,1
8933,1
5307,0
13182,1
3641,0
12371,0
12659,1
3258,0
1873,0
4744,1
9909,1
2912,1
4027,1
5488,1
14402,1
8024,1
7786,1
13883,0
6864,0
489,1
8685,1
690,0
602,0
10103,1
1014,0
869,0
1993,0
7610,0
5283,1
4370,1
11330,1
1361,1
13881,0
1526,1
12498,0
1629,1
1551,0
10708,1
14532,1
1337,0
3901,1
5041,1
8252,1
10940,1
5039,1
2346,1
13936,0
5485,0
13307,0
5694,1
5119,1
5166,1
1134,0
8342,1
10400,1
4017,1
10646,1
2424,1
4138,1
859,0
2962,1
8089,1
12172,0
11583,1
12839,1
12722,0
1364,0
13259,0
1779,0
13000,1
2101,1
1818,1
369,0
4937,1
5285,1
8367,1
12141,0
7071,1
2093,1
7817,1
1920,0
82,1
7331,1
7304,1
816,1
11609,1
4396,1
8475,1
6124,1
4120,1
11919,1
13308,1
1813,0
1271,0
8751,0
2994,1
11408,1
6409,1
11610,1
2642,1
9280,1
10402,1
2305,1
10911,1
12559,0
4195,1
12520,1
3849,1
14772,0
12577,1
14360,0
3554,1
2195,1
2600,1
6163,1
1518,1
14288,0
10981,1
6309,1
5755,0
5633,1
8399,1
13966,1
7162,1
11295,1
11010,1
1988,1
9533,0
7737,0
517,0
6160,1
11220,1
13628,0
12088,0
13243,1
9607,1
4456,1
2761,1
6481,1
5911,1
13549,1
6547,0
4855,1
7644,0
13294,1
14529,0
6358,1
9741,0
2438,1
3765,1
6432,0
8643,1
7846,1
13068,1
9665,1
13465,0
6340,1
4821,1
18,0
3560,0
3951,1
49,0
14847,0
887,0
6261,1
7236,1
6989,1
6043,1
8708,0
3168,1
2949,0
1424,0
139,1
10116,1
3197,1
5131,1
112,0
8160,1
13015,1
4559,1
4595,1
4690,1
7951,1
11180,1
3277,1
4068,1
4408,1
13904,0
14628,0
9729,0
451,1
7262,1
3731,1
7256,1
13432,1
4986,1
3663,0
2763,1
8850,1
11019,1
1855,1
999,0
389,0
6426,1
1476,1
2240,1
13715,1
8112,1
992,0
7032,1
4997,1
3922,1
2972,0
6871,1
11293,1
4769,0
1293,1
14051,0
4173,1
2535,1
14201,0
1907,1
12421,0
14246,0
8560,1
6033,0
7619,1
1151,1
1567,0
3171,0
9689,1
7106,1
4160,1
4287,1
2230,1
11097,1
174,1
1903,1
9291,1
8752,1
10993,1
3408,1
1538,0
2292,1
9523,1
1363,0
4357,1
5260,1
11179,1
11366,1
680,0
11832,1
3664,1
1661,0
508,0
166,0
12412,0
9198,1
12500,1
7365,1
1914,0
7263,1
14457,0
14858,0
7361,1
1104,0
11736,0
9944,1
5310,1
11300,1
5754,1
152,0
11888,1
5679,0
13709,1
3551,1
3722,1
11034,1
12816,1
4538,1
13706,1
10014,1
8463,1
1991,0
13213,0
8501,1
5141,1
3811,1
13058,1
3450,1
4591,1
7352,1
205,0
9327,1
6680,1
2749,1
8497,1
1849,0
13606,1
10180,1
3240,1
11884,1
3109,1
10179,0
5934,1
12262,0
5810,1
8575,1
5634,0
4307,1
3156,0
6534,1
13719,1
13033,1
13241,1
8891,1
3832,1
14848,0
4776,1
7997,1
4276,1
14622,1
12802,1
14398,0
278,0
6771,1
7415,1
3252,1
12893,0
14106,1
289,0
3075,0
10821,1
9582,0
13548,1
270,0
4570,1
13167,1
9583,1
6696,1
4316,0
3180,1
1422,0
8275,1
9065,0
11820,1
4557,1
7812,1
6297,1
13705,0
10963,1
14540,0
1132,1
10521,1
6242,1
11357,1
14058,1
7423,1
11902,1
10152,1
10783,1
5520,1
9408,1
13054,1
12084,0
9256,1
3786,0
11793,1
8345,1
2161,1
3008,1
1105,0
13277,1
692,1
11729,1
4956,1
8307,1
4369,1
2765,1
3929,1
14609,1
14736,0
7778,1
13110,1
628,1
2451,1
10691,1
3824,1
13493,1
14939,1
3743,1
2176,1
6689,1
8858,1
3318,0
10864,1
9653,1
7432,1
2787,0
1196,0
1676,0
3947,1
7618,1
4444,1
5722,1
11670,0
12711,0
2369,0
4967,1
2217,1
8148,1
10410,0
3326,1
11114,1
3583,1
14666,0
14906,1
3619,1
6217,1
2468,1
8277,1
14707,0
5973,1
3667,1
5158,1
7594,1
6976,1
10211,1
3423,1
8199,1
2409,1
3212,1
12837,0
5366,1
11140,1
6593,1
2895,0
14458,0
13824,1
3642,1
13512,1
11030,1
12575,0
9475,1
10193,1
12918,1
9061,1
14533,1
13452,1
8548,1
14864,0
5451,1
7160,0
7866,1
2743,1
14893,0
10082,1
9797,1
4958,1
13856,1
10572,1
6474,1
7888,0
8811,1
492,0
1116,0
5637,0
13174,1
14807,1
11091,1
13576,1
14519,0
6589,1
13613,1
7557,1
11986,0
5241,1
13871,1
2783,1
14934,0
1696,0
5685,1
2295,1
5939,1
7763,1
10244,1
9968,1
3313,1
4781,1
8350,1
11152,1
9784,0
9915,1
7605,1
215,0
6707,0
13436,1
8682,0
13707,0
3483,1
7006,0
5102,1
6599,1
3764,1
11882,1
6410,1
11342,1
25,1
10601,1
7659,1
13076,1
9744,1
13811,1
12927,1
6683,1
9171,0
10039,1
14488,1
8584,1
11564,1
12887,1
11490,1
14477,0
12407,0
1102,0
3276,1
5345,1
13621,0
13200,0
8386,0
8835,1
10869,1
14987,1
2207,1
4552,1
4402,1
7395,1
3718,1
972,0
4579,1
6516,1
719,1
6155,0
14160,1
2803,1
2566,1
4025,0
6198,1
8224,0
13253,1
4063,1
9889,1
2792,1
2222,0
5818,1
3866,1
10832,0
12993,1
13640,1
11386,1
3227,1
4214,1
3923,1
10469,0
11176,1
1401,0
8931,1
7703,0
4979,1
3253,1
12945,1
2661,1
2158,1
8578,1
8088,1
674,0
11391,0
7011,1
10996,1
10197,0
3841,1
1815,0
12476,0
14759,1
2100,1
13369,1
6708,1
1673,1
10293,1
4213,0
11291,1
10891,1
1548,1
12345,0
8547,1
5184,1
1461,0
14086,0
3220,1
12644,1
13748,1
7170,1
7430,1
14310,1
1751,0
3976,1
8353,1
1772,1
9388,1
10070,0
2016,1
2005,0
3893,1
3237,1
4424,1
10270,1
8588,1
2257,1
4072,1
5574,0
9083,1
14267,0
5355,0
8418,1
6093,1
7935,1
12225,1
1519,0
12246,0
1378,1
5672,1
9215,1
2587,1
14649,1
5621,1
11822,1
12340,0
5842,1
7122,1
5832,1
9821,1
4888,1
5904,1
522,0
8043,0
3607,1
9120,1
234,0
3796,0
6318,1
7094,1
10202,1
1948,0
6361,1
14107,1
12797,1
6091,1
13636,1
2224,0
9298,1
13572,1
9010,1
5571,1
4523,1
5793,1
13183,1
5738,1
2624,1
4728,0
7818,1
8859,1
14875,0
13683,1
9080,1
11141,1
2437,1
6056,1
9009,1
6352,1
10533,1
3167,1
1809,1
12130,0
7161,1
9456,1
5086,1
12073,0
7016,1
11673,1
4945,1
6046,1
12555,0
13898,1
6919,1
5590,1
7226,1
1228,0
11542,1
6846,1
8244,1
11588,1
6555,0
159,0
8851,1
9779,1
1589,0
14763,1
14235,0
14212,1
14006,1
6687,1
14021,1
11269,1
10576,1
14428,1
7480,1
13901,1
1556,0
2828,1
436,0
5789,1
12223,1
1588,1
7398,1
2780,0
13477,1
9242,1
5686,1
3965,1
4727,1
9165,1
1238,1
2951,1
10534,1
14648,0
11576,1
14745,1
1497,0
6465,1
7355,1
7823,1
7547,1
7913,1
10614,1
12840,0
5185,1
5647,1
14099,1
5242,1
2130,1
2092,0
5409,1
10207,1
187,0
11215,1
7938,0
3655,1
3426,1
11482,1
1381,1
13107,1
8605,0
7427,1
5037,1
4897,1
3175,1
14027,1
11945,1
8448,1
14850,0
11866,1
2235,0
8068,1
9959,0
4236,1
11110,0
11457,0
9764,1
24,0
3363,1
1088,1
10886,1
8733,1
13739,1
2841,0
10503,1
7537,0
7470,1
13985,1
4152,0
9501,1
695,0
13775,1
6337,0
1227,0
1999,0
276,0
12914,1
5929,1
2953,1
3637,1
3906,1
4778,1
5845,1
14545,0
4117,0
13212,1
1137,1
2767,0
8182,1
12247,0
11878,1
7661,1
9134,1
11133,1
2490,1
14523,0
7742,1
3935,1
2384,0
8016,1
7084,1
115,0
1863,0
10750,0
3119,1
4258,1
13852,0
14825,0
2819,1
11417,0
11241,1
13637,1
4699,1
3802,1
6068,1
3536,0
3825,1
6642,1
12967,0
1946,0
13095,1
14194,1
12495,1
9802,1
7269,1
11685,0
7929,0
7166,0
6963,1
5867,1
10859,1
4761,1
10386,1
882,0
557,0
12152,0
1207,1
11347,1
7684,0
11575,0
9702,1
6538,1
10485,1
3211,1
3630,1
1708,1
12363,1
8458,1
1140,1
3162,1
6207,1
12618,0
3730,1
10101,1
11573,0
2660,1
8848,1
1307,0
2567,1
9190,1
2834,1
14357,1
9429,1
2151,1
11682,1
3835,0
14921,0
11477,0
12310,0
10378,1
9326,0
5004,1
6626,0
9495,1
1627,0
11995,1
9714,1
14712,1
358,0
138,1
8491,0
9748,0
382,0
11283,1
4857,0
14721,0
1439,1
9569,1
946,0
12419,1
5498,1
4916,1
8556,1
10913,1
1932,0
2352,1
3236,0
9493,1
12397,0
3807,1
13810,1
1936,0
13363,1
4154,1
8988,1
2416,1
11459,1
6139,0
785,1
6789,1
8036,1
8315,0
14202,1
5668,1
2172,1
2169,1
6628,0
4009,0
4340,0
910,1
6268,1
2309,1
10033,1
9449,0
6591,1
4458,1
7597,1
9370,1
11511,1
14007,1
4652,0
6218,1
442,1
3415,1
9591,0
14155,1
14128,1
9649,0
11737,1
5744,1
1054,0
14788,1
3699,1
929,1
6468,0
8767,1
1829,0
13756,1
11582,1
12895,0
2011,0
913,0
7611,1
12333,0
11537,1
2606,1
4928,1
9783,1
6564,1
12194,1
6,0
7835,1
6583,1
3361,1
10135,1
12511,1
1635,0
1141,0
13090,1
359,0
2070,1
3134,1
5160,1
6990,1
3243,1
2242,1
1474,1
12877,1
10081,1
3259,1
10213,1
4020,1
13252,0
8566,1
3500,1
2658,1
12669,1
1130,0
13785,0
1819,0
7461,0
11747,0
11707,0
12230,0
7064,1
4318,1
9342,1
4669,1
9428,1
5476,1
14755,0
13160,0
1856,0
2282,1
13832,1
4008,1
6401,1
14890,0
13918,0
386,0
1628,0
10906,1
11460,1
12629,0
13993,1
7718,1
11504,1
14953,0
9101,1
12988,1
10058,1
1842,0
2497,1
201,0
12031,0
3868,0
5054,1
5889,0
2702,1
7922,0
331,0
3808,1
935,0
10651,0
1774,0
11788,1
8611,1
10878,1
13726,1
989,0
5443,1
12493,0
6993,0
12818,1
5806,1
13109,1
13057,0
6574,1
3052,1
12960,1
8365,1
4615,1
3321,1
11374,1
6246,1
6048,1
3311,1
11652,1
11781,1
14656,0
11196,0
8210,1
3628,0
13297,1
10366,1
1356,0
5002,1
11633,1
5823,1
14259,0
5670,1
3112,0
182,1
13291,0
10004,1
855,0
12832,0
4912,1
13021,1
1800,0
13891,1
10621,0
5482,0
12491,0
1968,1
12482,1
12202,1
4697,1
4987,1
4650,1
1159,0
9405,1
11596,1
1325,0
10288,1
11778,0
4796,1
6796,1
5808,1
14804,0
1455,0
5410,1
8333,1
2800,1
9836,1
10332,1
7616,1
13608,1
7815,1
4378,1
8921,1
11909,1
6716,1
10128,1
3736,1
2261,1
7429,1
4005,1
9302,1
14644,1
11190,0
2394,1
1185,0
2007,1
193,0
13361,1
8770,1
5525,0
771,0
10587,1
1478,0
1846,0
3740,1
14611,1
7986,1
405,0
14309,0
10265,0
10088,1
12823,1
6317,0
6581,1
10571,0
1447,0
342,1
7468,1
14049,0
10719,1
727,0
4577,0
9168,1
9250,1
3516,1
13341,1
13222,0
7156,1
7851,0
10178,1
9491,0
1348,1
660,0
1492,0
12268,0
12788,0
5154,1
10507,1
9885,1
14372,1
9277,1
2524,1
14897,0
12703,0
5374,1
3198,1
5717,1
13133,0
13656,1
12318,0
8259,1
13187,1
40,1
10461,1
12570,0
11601,1
13262,1
6816,1
10559,0
11507,1
12222,0
10704,1
2723,0
13787,1
12859,1
9335,1
14601,1
7155,1
11502,1
13840,1
11763,1
7230,1
10412,1
5075,1
10523,1
7880,1
5394,1
9641,1
12825,1
7789,1
14016,0
4088,1
1967,0
13488,1
13211,0
14393,1
6999,1
423,0
13912,1
10096,0
14263,0
12861,1
6142,0
5661,0
9031,1
4596,1
2659,1
141,0
2597,1
6701,1
1377,0
3674,1
9658,1
14844,0
6362,1
14055,1
4741,1
1138,0
10449,0
7374,1
1787,0
12028,0
4646,1
7568,1
459,0
6115,1
8179,1
948,1
9528,0
6370,1
4628,1
7358,1
5925,1
6040,1
441,0
6659,1
9794,1
10430,1
8831,1
9046,1
3830,1
14100,0
6144,1
13586,1
6344,1
12432,0
1958,0
9262,1
155,0
10487,1
11930,1
4578,0
1089,0
6049,1
11132,0
13742,1
9122,1
7950,0
11101,0
1674,1
6763,1
12558,0
6416,0
14344,0
11439,1
2326,1
7096,1
12879,1
13150,1
6450,1
13935,1
1715,0
9890,1
9172,0
8381,1
9433,0
3831,1
6299,1
3348,1
14282,0
9177,1
10013,0
587,1
9346,1
10964,1
14286,0
10091,1
2990,1
13933,0
11830,1
13311,1
9587,1
264,0
11814,1
6788,1
14307,0
12766,1
10131,0
3864,1
10435,1
10592,1
6274,0
13019,0
14703,0
3711,1
8438,1
9786,1
1529,0
12292,0
923,0
12109,0
7329,1
4364,1
669,1
3604,1
5108,1
10102,1
13519,1
5248,0
7183,1
10888,0
2591,0
5906,1
9973,1
6509,1
11205,1
7133,1
2307,1
8804,1
3690,1
687,0
612,0
7167,1
11825,0
3200,1
10459,0
11168,0
6629,0
4135,0
1898,0
282,1
258,1
11116,1
14150,1
4943,1
2822,1
11531,1
3525,1
14492,0
5223,1
2285,1
6063,1
8078,1
4654,1
5000,0
6710,0
13999,1
8676,1
10403,1
5416,0
475,0
2555,1
8087,1
7,1
6411,1
13755,1
13380,1
5546,1
2426,1
6744,1
10006,1
14447,0
2274,1
9203,0
1577,0
7264,0
9259,1
10183,1
3970,1
5879,1
14774,0
14004,1
7193,1
3867,1
14137,1
6823,0
11240,1
7548,1
781,1
14769,0
1749,0
10983,0
6519,1
5774,1
9283,0
9369,1
2324,1
10271,1
5055,1
10800,0
13534,1
10482,1
1727,0
610,0
4666,1
5413,1
8103,1
8174,1
8535,0
11349,1
3750,1
11407,1
97,0
6985,0
3137,1
1537,0
3648,1
13332,1
1517,0
14035,1
4624,1
6566,1
2090,1
7097,1
6171,1
7521,1
572,1
14277,0
13616,1
3062,1
597,0
6633,1
14154,1
7875,1
7345,1
6304,1
13680,1
14174,1
12769,0
5976,1
8562,1
1938,0
12583,0
8100,1
1753,1
3670,0
12034,1
2361,0
4260,1
5432,1
6285,1
11792,1
14210,0
11734,1
12833,1
12420,0
5591,1
1171,0
7927,1
12058,0
9614,1
11333,0
14036,0
12117,0
13753,1
874,0
2297,1
13965,1
2643,1
13913,1
5347,1
9032,0
14904,0
581,1
204,1
7896,1
9833,0
2014,1
11445,1
11663,1
905,1
631,0
8461,1
12494,1
1974,0
162,0
4998,1
12353,0
9557,1
13137,1
4713,1
9067,0
1431,0
6868,1
13713,1
7710,1
7736,1
4283,1
7531,1
12139,1
11048,0
10053,1
10851,0
3384,1
14348,0
12167,0
12492,0
7462,0
3331,1
14308,0
10595,1
6404,1
8895,1
2096,1
10195,1
12587,1
7999,1
5017,1
8738,1
1449,0
6900,1
2610,1
1900,1
8186,1
3920,1
2757,0
6397,1
10077,1
13001,0
2097,1
8329,1
14186,1
5624,1
9028,1
3471,1
8266,1
2171,1
13854,0
13784,0
8590,0
2010,1
14688,0
1283,0
14345,0
10028,1
14409,0
1019,1
9518,1
11002,0
8667,1
2810,1
14563,1
1651,0
14430,1
1169,0
10720,1
9398,1
6256,1
5469,1
13099,0
10258,1
867,0
11166,0
5093,1
5433,1
541,1
9324,1
14756,1
6354,1
14012,1
3390,1
11154,1
11451,1
12041,0
14903,0
10775,0
11005,0
3959,1
13914,1
6643,1
6841,1
12410,0
3586,1
12096,0
2563,1
10822,1
13373,1
11931,1
5036,1
1080,1
5891,1
10277,1
10644,0
4966,1
2023,1
13485,0
7909,1
13089,1
7321,1
226,0
1013,0
1929,0
12567,0
5251,0
9596,1
2179,1
697,0
1124,0
7378,0
12283,0
5110,1
7902,1
1778,1
11936,1
2634,0
7544,1
7604,1
3489,1
1037,0
10448,1
14386,1
14912,0
8505,1
2649,1
10473,1
2979,1
2547,1
5132,1
2159,1
11329,1
9114,1
6445,0
3967,0
1428,0
12609,0
2520,1
11977,1
8033,1
12853,1
12949,1
14808,0
448,0
12723,0
9476,1
5995,1
12026,1
3727,1
7353,1
8553,1
6279,0
13414,0
7295,1
9496,0
6251,1
5926,0
2460,1
22,0
2066,1
1653,0
8894,1
8706,1
10935,1
1376,1
1724,1
10660,1
3754,0
10517,1
8652,1
4183,1
4082,0
9678,1
11870,1
8474,0
6579,1
4558,1
3537,1
7003,1
10773,1
9560,1
14217,0
12689,1
8789,1
9951,1
646,1
6381,1
7527,1
14544,0
12072,0
7165,1
11660,1
11946,1
7697,1
11182,0
14118,1
4875,1
10736,1
12884,1
5341,1
12795,1
7031,0
2160,0
685,1
11934,1
11435,1
2461,0
11029,1
11889,0
7128,1
6267,1
4941,0
5946,1
4583,1
5784,1
10422,1
7569,1
12776,0
10512,1
521,1
8714,0
13197,1
13405,1
3983,1
14343,1
12976,0
780,0
10613,1
12306,0
5607,0
5978,1
8843,1
3747,1
2196,1
8561,1
14826,0
4285,1
8569,1
10408,1
9832,1
9805,1
6979,1
1827,0
11824,1
9154,1
14200,1
14514,0
2376,1
8551,1
3839,1
14426,0
1246,0
7504,1
11483,1
6511,1
11886,1
13732,1
5439,1
10759,1
11615,1
10229,1
13875,1
8964,1
10681,1
11754,1
14577,0
14316,0
5510,1
5330,1
4531,1
9866,0
365,1
13326,0
14972,0
147,0
1668,1
11280,1
13271,1
7650,1
8599,0
11698,1
7788,1
3456,0
11768,1
3271,1
4940,1
9223,1
12100,0
6230,1
14456,0
12143,0
9047,1
3926,1
12813,1
8080,1
78,0
7088,1
2247,1
12354,0
14924,0
14412,0
12404,1
7451,1
8980,1
2279,1
8123,1
3897,1
12062,0
7177,1
9312,1
14195,1
3631,0
12932,1
6272,1
8616,1
392,1
3191,1
16,0
4200,0
2672,1
14321,0
6164,1
12291,1
3493,1
9651,0
14859,0
7394,1
4839,1
593,0
12027,0
13981,1
8737,1
5827,0
10749,1
7961,1
5887,1
2355,0
6036,1
4798,0
10634,1
14757,0
4592,1
11234,1
8656,0
163,1
13906,1
14164,0
14670,0
7380,1
14936,1
10201,0
6356,0
11276,1
9092,0
5542,1
6007,1
7993,0
7638,1
6793,1
10900,1
7758,0
4837,0
2293,1
6548,0
7898,1
4481,1
3716,1
10837,1
6140,1
9956,1
1549,1
11221,1
10331,1
2044,1
767,0
5693,1
7870,0
9700,1
7857,0
3302,1
4517,0
13622,1
12097,0
3292,0
9011,0
1403,1
1382,0
10340,1
6928,1
5671,1
1638,0
14695,0
6907,1
8591,0
6406,1
9074,1
11757,1
1179,0
5448,1
10322,1
5078,1
8648,1
5175,1
10142,1
689,1
14390,0
6525,1
14730,0
6488,1
10145,1
7154,1
12611,0
6610,1
10902,1
12843,1
12876,1
4349,1
1884,1
12963,1
2494,1
5947,1
3036,1
5777,1
11795,1
845,0
8734,1
11916,0
11871,1
7967,1
12718,1
7340,1
13518,1
12735,1
7137,1
2964,0
2529,1
5772,1
1048,0
7045,1
1960,0
2530,0
11138,1
8429,0
4917,1
9325,1
5901,1
8286,1
4259,1
14743,0
12950,1
5656,1
6097,1
5907,1
7373,0
2978,1
14382,0
13962,1
6721,1
7842,0
8264,1
13165,0
12111,0
3138,1
8325,1
14895,0
13853,1
11421,1
1826,0
5548,0
8785,1
10917,1
560,0
13220,1
8435,1
5435,1
4437,1
10382,1
8597,1
1442,0
8453,0
4406,0
14302,1
1689,0
14806,0
9917,1
13497,1
5962,1
2496,1
12258,1
340,0
2408,0
9793,1
12510,0
5782,1
4576,1
3725,1
14925,0
2785,1
9715,1
12901,1
14101,0
1012,0
5280,1
4895,1
9958,1
7121,1
6549,1
4037,1
148,1
285,0
14485,0
8555,1
12135,0
12591,1
9732,1
6770,1
4443,1
7446,1
236,0
14392,0
10754,1
7123,1
12507,0
14339,0
3083,0
14375,1
10294,0
632,0
6813,0
2493,0
2665,1
12730,0
12814,1
12612,0
10526,1
10060,1
11811,1
12075,0
12696,0
4211,1
9686,1
10593,1
3874,1
9424,1
10853,1
2817,1
12361,1
14313,0
14720,0
13476,0
7426,1
12902,1
12700,0
11253,1
13812,1
9777,1
1735,0
7397,1
11015,1
4255,1
12393,0
2475,0
10756,0
14973,0
3713,1
13473,1
1804,0
707,1
11238,0
13799,1
5189,1
13052,1
5472,0
72,0
7843,1
5101,1
6764,1
9382,1
10793,1
1125,0
1241,0
12339,0
14167,1
2349,1
11543,1
6602,1
12200,1
6780,1
9769,1
12098,0
11921,1
4358,1
1343,0
14979,0
13025,1
14367,1
8632,1
6652,0
1100,0
10829,1
9160,0
8841,1
9738,1
7327,1
7622,1
987,0
10658,1
2852,1
11695,1
8853,1
630,0
1249,0
3179,1
482,1
9776,1
9654,1
3040,1
5010,1
13604,0
7000,1
3273,0
7227,1
3683,1
6674,1
6807,1
12337,0
14603,1
1316,1
3225,1
1072,1
4815,1
12672,0
10823,1
9852,1
5752,1
10617,1
13722,1
4616,1
3097,1
12168,0
14161,0
6869,0
1300,0
7285,1
6284,1
12799,1
13304,0
5495,1
5291,1
9600,1
10037,0
1798,0
12149,0
9667,1
5203,1
8227,1
5047,1
6441,0
8636,1
8105,1
2359,1
14079,1
3654,1
7052,1
11371,1
1286,0
13693,1
4445,1
11608,0
2137,1
6787,1
10828,1
12208,0
14731,1
9873,1
14626,0
12756,1
14115,0
6894,0
9884,1
12845,1
10733,1
11827,1
8564,1
7151,0
963,0
6012,0
4882,1
140,0
12046,0
14046,0
8906,1
6936,1
6542,1
5243,1
11380,0
10030,1
4431,0
12523,1
406,1
8212,1
9196,1
12539,0
10603,1
10737,1
12940,1
10582,1
9135,1
8234,1
11022,1
11563,1
11214,0
11556,1
4399,1
5252,1
11,0
4760,1
1177,1
10139,1
10693,1
2863,1
6471,1
12057,0
6228,1
9218,1
12040,1
2989,0
9153,0
11081,1
7117,1
11207,0
7010,1
11530,1
12830,0
11760,0
8927,1
1440,1
14619,1
2875,1
12178,0
9108,1
13651,1
13195,1
12281,0
11339,1
7232,1
3726,1
2772,1
9816,1
454,0
9013,0
8189,1
1367,0
3712,1
14782,1
1388,0
9042,1
1000,1
7761,0
3553,0
4114,0
9829,1
1667,0
3173,1
13032,1
9539,1
14105,1
488,0
3230,1
3828,1
10824,1
12979,1
5208,1
7848,1
11424,1
5704,1
14466,0
8133,1
703,0
5105,0
13345,1
3291,0
8125,1
11865,1
10600,1
9519,1
14453,0
13535,0
4909,1
4440,0
13662,1
986,0
14264,0
13862,1
13599,1
7705,0
12241,0
6257,0
11677,1
6089,1
10666,1
5238,1
12065,1
1198,0
12373,0
9710,1
13611,0
7519,0
6812,1
9991,1
9206,1
8320,1
9556,1
10225,1
7175,1
4470,1
891,1
10985,1
1969,0
5757,0
6527,1
6294,1
14623,0
7595,1
9110,1
3249,0
6570,1
6638,1
7351,0
13765,1
9400,1
12060,1
7473,1
12504,1
12257,0
13820,1
13012,1
1239,0
2289,0
2740,0
8467,1
4585,1
9227,0
1229,0
9200,1
6980,1
5178,1
12020,0
10724,1
4293,0
1058,0
6262,1
11036,0
281,0
9235,1
9508,1
968,0
10573,0
3953,1
1939,0
12680,0
1274,0
619,0
12748,0
1742,0
1390,0
2203,1
9771,1
9847,1
3568,1
10544,1
10404,1
6116,0
14955,1
6052,1
3178,1
3192,0
9499,0
6099,1
7029,0
575,0
10552,1
6656,0
7115,1
13215,1
6276,1
9472,1
13480,1
11083,1
5897,1
5724,1
10185,1
10831,1
269,0
629,0
11970,0
3081,1
3466,1
6430,1
13979,1
7062,1
12588,1
12215,0
14588,0
5543,1
10238,1
4356,1
13678,1
2113,1
8219,1
10232,0
12120,0
14237,1
3216,1
3814,1
8321,1
13318,1
2278,1
4599,0
13,0
13845,1
1525,0
2365,0
4648,1
11244,1
12197,0
10532,1
374,1
13829,0
6477,1
525,0
9131,0
14659,0
6895,1
10339,0
3591,1
11106,1
7904,1
2958,0
11815,1
529,0
3714,1
4732,1
9461,1
12473,0
1394,0
12201,0
12582,1
9989,1
11171,1
9633,0
10574,1
14793,1
12003,1
5631,0
9465,1
6563,1
4703,1
1712,0
14634,0
955,0
6675,0
3453,1
9579,1
14085,1
8595,1
2071,1
14607,0
10169,0
158,0
7005,1
12080,0
9094,1
352,1
6078,1
6236,0
12322,1
8946,0
11163,1
14963,0
2920,1
8503,1
4644,1
661,0
7057,0
10181,1
3665,1
7979,1
306,0
10527,1
4790,1
2356,1
11894,1
11996,1
1927,0
14009,1
3427,1
8941,1
3638,1
12759,0
1266,0
1560,0
14070,1
11787,1
10326,0
7179,1
4109,1
7867,1
4904,1
7294,1
514,1
894,1
8601,1
21,0
11577,1
14913,0
899,1
207,1
458,0
10246,1
2430,1
8442,0
12398,1
9299,1
3389,0
9905,1
3911,1
5383,1
8907,0
552,1
9631,0
10462,1
3144,0
6917,1
2056,1
1925,1
634,1
6082,1
8508,1
13920,1
14522,0
8619,1
12882,0
105,0
3041,1
12430,1
10361,1
1709,0
89,0
7014,0
10433,1
3174,1
917,0
7833,1
6732,1
1949,1
12236,0
11040,1
6368,1
1,1
8032,1
12529,0
6047,1
9127,1
13827,1
2720,1
8783,1
14716,0
3117,1
11128,1
14213,0
10640,1
9768,1
3762,0
213,0
778,0
3496,1
13754,1
2043,0
8920,1
5420,1
6154,1
9759,1
8357,1
11758,1
13071,1
12625,1
10205,1
8465,1
12052,0
4167,0
10960,1
3788,1
8586,1
583,0
14869,0
14975,0
116,1
6644,1
13551,1
14927,0
14653,1
13441,1
8712,1
1763,1
1875,1
12157,0
11536,1
10445,1
3224,0
526,0
7725,0
2946,1
4473,0
12091,1
5655,0
8884,0
6059,1
959,0
12636,0
6342,1
3633,1
1050,1
8782,1
8711,1
3380,1
3676,1
5776,1
13868,1
6573,1
5179,0
1607,1
3610,1
14637,1
6635,0
14996,0
10001,0
791,0
8984,1
3056,0
10047,1
1980,0
11425,1
3598,1
933,0
12155,0
12892,1
7424,0
5626,1
1682,1
4179,1
12218,0
6446,1
4116,0
988,1
11703,1
11645,1
2896,1
3778,1
5658,1
11722,0
3093,1
3155,1
11393,0
1823,0
14444,0
1098,0
10396,1
2844,1
9078,1
3342,1
38,0
6540,1
14033,1
8707,1
3356,1
9645,1
11745,0
11801,1
12857,1
10698,1
11186,1
12191,1
7813,1
14590,1
9098,1
8220,0
13847,0
10699,1
2428,1
5043,0
5346,1
8954,1
11939,1
4811,1
8476,1
686,0
4799,0
7437,1
2353,1
6353,1
13404,1
4569,1
8213,1
2752,1
9077,1
8073,1
9109,1
1040,0
7491,1
1265,0
12771,0
13910,0
7059,1
277,1
5084,1
10276,1
9437,1
2382,1
571,1
1435,0
12094,0
9439,1
5352,1
12873,1
11718,1
10706,1
5445,1
1007,0
4543,1
13233,1
13915,1
2064,1
1136,1
9882,1
13888,1
5343,1
10177,1
294,0
9739,1
10204,1
8780,1
11521,1
2403,0
10321,1
3998,1
13998,1
3741,1
11700,1
13842,0
2719,1
13813,1
12713,1
5150,1
2808,1
9017,1
556,0
13393,0
4795,1
2469,1
3738,1
4286,1
12643,0
9908,1
2604,1
362,0
6924,0
1704,0
2139,1
3239,1
2383,0
7314,1
4311,1
9477,0
1312,0
14149,0
3930,1
6183,1
12998,1
1591,0
14088,0
2162,1
2396,0
317,0
9516,1
11303,0
5233,0
13359,1
5068,1
4036,1
8987,1
3020,1
9903,1
11579,1
8228,1
12741,0
9105,1
5295,1
3972,1
5370,1
4133,1
974,0
7291,1
9175,1
954,0
9610,1
9752,1
12327,1
13347,1
12457,1
9547,1
13969,1
5016,1
14593,0
9179,1
10874,1
7490,1
1640,1
1290,0
11873,1
1380,1
1933,0
4675,1
13710,1
11352,1
10222,1
892,1
7287,0
4876,1
12261,1
7906,0
12447,0
8194,1
14078,1
10301,1
9041,0
10929,0
2466,1
7657,1
10106,1
9788,1
1913,0
11362,0
2736,1
726,0
7214,1
8245,0
1796,1
3845,1
6402,1
10745,1
10992,1
936,0
2265,1
824,0
12513,0
7274,1
11593,1
1389,0
3564,1
9076,1
5429,1
7827,1
5690,0
13059,1
7878,1
1868,0
8202,1
11607,1
7486,1
9655,1
806,0
4805,0
13246,0
12260,0
10300,1
13731,1
14935,0
10426,1
9155,1
7511,1
8056,1
4494,1
2632,1
13355,1
8896,0
8623,1
7832,1
4388,1
145,0
6467,1
2033,1
13694,1
1165,0
11692,1
2050,1
3760,1
10816,1
12676,0
4435,1
3430,1
8190,0
13148,1
7069,1
4361,1
10616,1
9454,1
1771,0
3511,1
271,0
12984,1
14966,1
8436,1
12605,1
12764,1
2032,1
12316,0
9005,1
14942,0
3810,0
13469,1
9996,1
14037,1
4346,1
10653,1
545,1
3241,1
8930,1
8502,0
11713,1
9323,1
14877,1
12303,0
10961,1
7564,1
920,0
13682,1
11779,1
6640,0
12151,0
7694,1
8230,1
12651,0
7126,1
4278,1
2983,1
130,0
7980,1
2667,1
7138,1
3223,1
9374,1
7693,1
5392,1
614,0
14855,1
1466,0
4497,0
3042,1
9126,1
2419,1
5085,1
3294,0
6737,1
1500,0
13014,0
9018,1
1521,0
13681,0
11122,1
4232,1
7686,1
8820,0
4430,1
12045,1
390,1
12537,0
14795,0
7124,1
5913,1
12182,1
8592,1
4806,1
13433,1
11551,1
8238,1
8044,1
14675,1
3993,1
11834,1
11918,1
14329,0
6609,1
5319,1
14764,1
7119,0
2421,1
5604,0
1750,1
14734,1
13529,1
12254,1
14575,0
338,0
8407,1
11855,1
1341,1
14320,0
7982,1
12086,0
3640,1
329,0
13250,0
3004,0
6960,1
4090,0
11307,1
9828,0
2322,1
6667,1
7009,1
4197,1
3549,1
9650,1
8363,0
4203,1
13977,1
11761,1
12418,0
13408,0
13499,1
6185,1
1639,0
9130,0
60,1
1240,0
5760,1
5136,0
2343,1
2120,1
1524,1
7617,1
153,0
481,0
6122,0
12652,0
7674,0
7101,1
12112,0
1762,0
8942,1
7715,0
9977,1
13627,0
7479,1
6212,1
12693,0
4853,1
2711,1
6766,1
4150,1
12385,1
1333,0
14123,1
11046,1
8378,1
9328,0
14091,1
14558,0
10250,1
13687,0
3850,1
8340,1
4124,1
13081,1
13449,0
11555,1
4788,1
2866,1
11968,1
1386,0
5941,0
3067,1
13594,1
3629,0
14198,0
12989,1
13426,1
3028,1
2969,0
11664,1
9900,1
11145,1
8646,1
6136,1
8801,1
4263,0
13018,1
645,0
14489,0
2074,0
12244,1
341,0
8041,0
1622,1
12875,0
7141,1
5796,1
7184,0
14001,1
8232,1
5475,1
10281,0
12116,1
10367,1
13892,1
74,0
14841,0
14894,0
10849,1
11372,1
10268,1
8633,1
13851,1
2051,1
2541,1
1301,0
5877,1
7368,1
11622,1
1304,1
8428,1
13644,1
2599,0
12808,1
2573,1
11472,1
3186,1
12145,0
2768,1
4831,1
4223,0
14482,0
2106,1
2679,0
10953,1
12880,1
1387,0
14516,0
14245,1
13400,0
14497,0
7083,1
13364,0
13192,1
1279,1
13221,1
804,1
1555,1
14239,0
11382,1
4566,0
12994,1
14510,1
4841,1
3594,0
6035,1
6852,1
10112,0
8705,0
4177,0
1308,0
9106,1
3452,1
3695,1
4242,1
11348,0
2198,1
8966,1
4425,0
6150,1
943,1
822,0
5005,0
6612,1
12469,0
8356,1
5619,1
4547,1
12175,1
2538,1
14632,0
9503,1
5207,1
14278,1
13520,1
3054,1
3675,1
7776,1
7218,1
6722,1
3300,1
3310,1
7221,1
8519,0
10682,0
5954,1
10998,1
12600,1
832,0
11271,1
3462,1
14002,1
7643,1
54,0
12256,0
3451,1
6305,1
10093,1
1481,0
4873,1
13087,1
8038,1
12342,1
3335,1
6016,1
4926,1
9138,1
5797,0
11485,1
10353,0
14747,0
5083,1
6645,1
12481,0
11249,1
5490,0
768,0
2065,0
14663,0
11687,1
7311,1
8477,1
14908,0
4524,1
11568,1
10524,1
2717,1
2079,1
11581,1
8914,1
951,0
8058,1
2482,0
10454,1
9181,1
11404,1
1759,1
9984,1
4422,1
6704,1
9916,1
5182,1
8533,1
3701,1
4243,1
688,0
3432,0
13395,1
4944,1
966,0
14559,0
14236,1
10395,0
2713,1
4757,1
13290,1
12350,0
14322,0
6320,1
13472,1
5975,1
3572,1
12997,1
5299,1
1990,0
12312,0
12951,1
1205,0
13490,0
13050,1
4971,1
14587,1
13226,1
6783,1
3600,1
6490,1
8609,1
14964,0
13569,1
8070,1
8577,1
7973,1
13973,1
1625,0
536,0
8766,0
7970,1
13224,1
4212,0
6456,1
3507,1
8393,1
9524,1
7112,1
11694,0
2708,0
5031,0
6514,1
4662,1
4021,1
1854,0
14849,1
2872,1
3030,1
9397,0
1645,0
3417,1
3476,1
14330,0
11053,1
1792,0
3797,1
3368,1
11559,1
11725,0
7196,1
14469,1
5109,1
6024,1
11641,0
8795,0
11248,1
13950,1
126,0
5959,1
3876,1
11127,1
4451,1
7147,0
3531,1
10922,0
827,1
9831,1
7790,0
984,1
11473,0
11197,0
7783,1
10380,1
14374,1
2443,1
8554,1
10541,0
345,0
814,0
6166,1
12999,1
11397,1
13620,1
14669,0
11517,0
12298,0
5779,1
2116,1
10026,1
793,1
14919,0
6898,0
2674,1
94,0
4225,1
3756,1
2891,0
2371,1
11420,1
14089,1
3228,0
7863,1
6359,1
14190,1
13102,1
7326,1
6028,0
11045,1
13429,1
11104,1
1865,0
4612,0
10049,0
2645,1
2243,1
5373,1
2336,1
950,0
11260,1
1120,0
10789,1
2204,1
419,1
922,0
9446,1
8669,1
10227,1
5408,0
5788,0
5742,1
7667,1
5567,1
8135,1
1202,0
10818,1
5765,1
8389,1
1970,1
11302,1
4018,1
10343,1
3687,1
13108,1
1997,0
4033,1
14845,1
11246,1
1248,0
2192,1
2712,1
9184,1
2190,1
4670,1
5142,0
5984,1
6565,0
7804,1
11954,1
6943,1
11789,1
12903,1
9510,1
10055,0
10535,1
10641,1
2136,1
1065,0
600,1
4227,1
10813,1
7577,1
77,0
7546,1
2898,1
4820,1
9506,0
14204,1
6413,1
9444,0
9064,1
12042,0
8007,1
5468,1
5951,0
14652,0
11157,1
3391,1
5415,1
2560,1
14835,0
8162,1
2635,1
5256,1
3530,1
8567,1
1908,1
12621,0
13905,0
235,1
12219,1
1604,1
7984,1
9310,1
11869,1
3490,1
14779,0
11150,1
1994,0
2824,0
13940,1
10568,1
1342,0
8512,1
1619,0
11905,0
5287,1
2060,1
14931,1
2219,0
9865,1
6038,1
260,0
14059,1
10231,1
12977,1
9093,1
3744,1
2026,1
6988,1
4234,1
1917,0
1828,0
9765,1
12607,0
12941,1
6233,1
14011,1
12846,0
6283,1
4208,1
12819,1
224,0
8915,1
10002,1
9333,1
13721,0
6469,1
14134,1
13746,1
14595,0
10954,0
846,0
4289,1
5560,1
13234,1
2551,1
11120,1
117,0
8837,1
5966,1
8195,1
12362,0
8659,1
7489,0
5,0
5342,0
9111,1
10787,1
4324,0
1063,0
2590,1
8434,1
13046,1
9352,0
11062,1
3735,1
10589,1
3517,1
6986,0
11613,1
10755,0
6767,1
5622,1
1605,0
1733,0
10516,1
10901,1
14022,1
9504,1
11640,1
3812,1
14446,1
10554,1
10167,0
11706,0
1761,0
5401,1
2739,1
14454,0
2472,1
6738,1
6891,0
12199,1
7943,1
12910,1
9685,1
4206,1
6371,1
10350,1
9361,1
10348,1
232,0
8258,0
7561,1
9795,1
6168,1
11475,1
3596,0
6288,1
4632,0
125,0
7641,1
6229,1
13542,1
1296,0
1976,0
14230,1
14169,0
10267,1
12772,0
5750,1
8152,1
14560,0
3086,1
13926,0
6882,1
13968,1
7673,1
3345,0
8172,1
14145,1
5870,0
6506,1
2797,1
918,0
1646,0
5122,1
5126,1
13170,0
13623,0
4621,0
6809,1
364,0
11479,1
2125,1
8150,1
12315,1
12761,0
8717,0
13013,0
55,0
638,1
302,0
10958,1
5811,1
1276,0
12912,0
10247,1
13568,1
13337,0
4432,1
3644,1
4143,1
2878,1
12394,0
6493,1
13367,1
10478,1
10453,1
5240,0
14119,1
10488,1
6937,1
7240,0
9945,1
13389,1
10160,1
2593,1
11309,1
2393,0
523,1
6376,1
6981,1
13716,1
6677,1
3900,1
14459,1
12891,1
5585,1
14053,1
7956,1
7570,1
11314,1
6777,1
12348,0
10161,1
671,0
4188,1
666,0
3266,1
1887,0
11458,1
8472,0
9911,1
11139,1
12647,0
9091,0
7687,0
6031,0
14753,1
6090,1
6238,1
7350,1
7830,1
760,0
6254,1
1906,0
12234,0
12015,0
12330,0
3818,0
6269,0
4300,1
5569,1
7941,1
10785,1
4164,1
11223,1
5971,1
3579,1
2832,1
5449,1
3472,1
6327,1
137,0
7043,1
4892,0
2180,0
10320,1
7730,0
3177,1
4854,1
4637,1
5115,1
13963,1
7648,1
4261,1
12536,0
1331,0
10209,0
12734,0
10674,1
7002,1
9550,1
6941,1
8017,1
6241,1
9521,1
14976,0
6881,1
13051,1
10342,1
4530,1
10314,0
4673,1
12173,0
6996,1
1252,0
11470,0
3374,1
2814,1
4719,1
6544,1
10040,1
4858,1
7901,1
11229,1
8580,1
8427,1
1077,1
10176,1
4363,1
12154,0
770,0
10357,1
12725,0
8865,1
249,0
9766,1
7239,1
3419,1
10273,1
10015,1
14406,0
4976,1
4544,1
5565,1
7939,1
716,0
14487,0
12338,0
2048,0
5997,1
6600,1
7245,1
13456,0
4178,1
4809,1
10916,1
14234,0
7140,1
7190,1
1460,1
5989,0
9860,1
10948,1
2000,1
12763,0
12805,1
8175,1
404,1
384,0
14184,0
14240,0
10344,1
1633,0
14334,0
13772,1
4784,0
14199,0
6970,1
3925,0
13528,1
4158,1
7449,1
13140,0
13550,1
8415,1
2193,1
11328,0
12661,0
10016,1
1015,0
5124,0
13164,1
7418,1
7409,0
8989,1
2871,1
9,0
10136,1
1838,0
4804,1
255,0
7026,1
5713,1
12677,1
3324,1
7714,1
1581,1
11148,1
924,0
2779,1
10700,1
7891,1
6132,1
13216,0
5320,1
7312,1
7102,1
6042,1
3775,1
4835,1
12328,0
4964,1
10971,1
539,0
7483,1
2745,1
3719,1
14311,0
6819,0
13659,1
9337,1
13319,1
4468,1
667,1
7575,0
11211,0
8549,1
5063,0
11023,1
10975,1
1353,1
13323,1
7114,1
14665,0
8662,1
2703,1
3330,1
8053,1
11829,1
9588,1
3584,1
14176,1
13454,0
5645,0
3376,1
1256,0
6190,0
11704,1
13843,1
13970,1
9442,1
13987,1
5348,1
11003,1
12490,1
11476,0
11125,1
4175,1
13460,1
4910,1
1852,0
6316,1
12972,1
14785,0
2105,1
133,0
13428,1
5029,1
928,1
823,0
7576,1
11632,1
1531,0
1214,0
504,1
12477,0
10188,1
6530,1
3072,0
10150,1
9576,0
9086,1
13116,1
8647,1
6619,1
13971,0
9273,0
3709,1
14385,1
4849,1
4748,1
4268,1
11714,1
12326,0
11794,1
14819,0
8905,1
4186,1
10406,0
5301,1
2923,1
6588,0
1810,0
3486,1
7419,1
3141,1
10019,1
9347,0
1324,1
4312,1
7494,1
8702,1
9872,1
8691,0
14260,0
10048,0
9580,1
13807,1
11911,1
10578,1
5541,0
11428,1
6172,1
1540,0
9409,1
2681,1
14823,0
11185,1
13704,1
6313,0
1191,0
13964,0
5293,1
1542,0
11493,1
11516,1
7056,1
2539,1
953,0
7241,1
6731,1
4846,1
6801,1
8010,0
4330,1
8924,1
5334,1
7330,0
9348,1
4729,1
11486,1
6541,1
11174,1
5305,0
5161,1
7860,1
2156,1
1062,1
10808,0
1167,0
11414,1
3636,1
7651,0
5588,0
11130,1
7192,1
4491,0
7266,1
11332,1
4980,1
8335,1
14928,0
11769,1
4946,1
2782,1
717,0
10011,1
2502,1
4360,1
4171,1
8082,1
14640,0
395,0
13923,1
7186,1
14733,0
4492,1
1365,0
14293,1
14191,1
8787,1
12144,1
13584,0
5917,1
4968,1
2914,1
10518,0
5644,1
3766,0
3440,1
12043,0
12324,0
7357,1
6806,1
9879,1
2143,1
5104,0
5073,1
1571,1
4079,1
1122,0
2786,1
2967,1
2504,1
5988,1
11657,1
8867,0
11000,0
7164,1
11540,0
728,0
7587,1
7543,1
412,0
11338,1
9708,0
5745,0
7668,1
825,0
3267,1
3974,1
8808,0
8306,0
417,0
11261,1
9817,1
6748,1
8967,1
12377,0
11088,1
14472,1
2082,0
8945,1
10738,1
12161,1
3373,1
5726,1
4107,1
10636,1
4380,1
7723,1
1066,0
3913,0
13479,0
5536,1
8002,1
5387,1
5732,1
11690,1
2738,1
5052,1
4000,1
9760,1
2427,1
11938,0
6833,1
10123,1
1687,0
851,0
11738,1
6303,1
9087,1
12784,0
5878,1
8527,1
2839,1
11279,0
4611,1
9540,1
9207,1
11008,1
9823,1
2489,1
11922,1
6905,1
7390,1
11443,1
2849,1
14069,1
6665,1
5881,1
10262,1
4452,1
9949,1
7421,1
13600,0
9827,1
12838,1
6484,0
2479,1
6617,1
10457,1
11151,1
13515,1
14567,0
11251,1
13245,1
14061,0
2141,0
13296,1
11310,1
5188,1
14729,0
12237,0
11548,1
2744,0
7253,1
13284,0
3506,0
1679,0
4249,1
3147,0
8130,0
10486,1
7004,1
580,0
9662,0
12991,1
4070,1
13500,1
3343,1
13184,1
7404,1
12775,0
3672,0
559,0
5237,1
7805,0
13407,0
11041,0
512,0
12921,1
1081,1
1664,0
9204,0
1931,0
14505,0
1150,0
2838,1
5949,0
8308,1
8932,1
14683,1
14262,0
5177,1
11867,1
14098,1
830,1
8311,1
4752,1
14638,1
14581,0
14911,1
635,0
4465,1
12556,0
6799,1
7987,0
7079,0
6966,1
4142,1
7027,1
9183,1
876,1
4869,1
5315,1
5222,1
4,0
3051,1
5691,1
3124,0
10852,1
2491,1
13365,1
3854,1
13125,1
4777,1
9907,0
7509,0
6457,1
6293,1
1148,0
11453,1
574,0
3769,1
11928,0
4146,0
853,0
10174,1
10966,1
5919,0
13121,1
13403,1
9358,1
6614,1
6002,1
9163,1
10893,1
4495,1
8173,1
6655,1
12039,0
2368,1
12307,0
4780,1
12323,0
7992,1
2950,0
5625,1
6971,1
8716,1
10647,1
13208,1
1841,1
5986,1
537,0
2806,1
5801,1
5596,1
7206,1
7343,1
12533,0
7560,0
8096,1
11367,1
784,0
12249,0
1409,1
10729,1
154,0
7806,0
3009,1
1686,0
11093,0
4014,1
7455,1
12913,1
3863,1
2733,1
1895,1
5442,0
569,0
6709,1
5854,1
1816,0
10257,1
8319,1
3394,1
3327,1
14971,0
6102,1
2975,1
980,0
10492,1
190,0
9331,1
5088,1
699,0
14639,0
606,0
12468,1
301,0
3420,1
14704,0
1060,0
14056,1
14840,0
10757,1
3444,1
1069,0
10716,1
2205,1
9435,1
7339,1
8208,1
7679,1
11312,1
13503,0
4642,1
7683,1
12946,1
9007,1
7996,1
11259,1
12740,0
5600,0
9151,1
7022,1
4893,1
225,1
14362,0
3354,1
5895,1
10677,1
8754,1
3436,0
14565,0
14373,0
1693,0
6893,1
1045,0
3446,1
12757,0
8050,1
9146,1
14970,1
10927,0
11296,1
4735,0
4496,1
1218,0
13446,1
13703,1
6015,1
9719,1
3987,1
4911,1
9492,0
4493,1
6944,1
5699,1
8352,1
12259,0
13992,1
956,0
11983,1
11426,1
2869,1
11969,1
4433,1
4973,1
14207,1
2961,1
14172,1
2200,1
98,0
14778,0
2557,1
11375,1
8445,1
12115,0
4199,1
9637,1
5539,1
1648,0
12874,1
12915,1
12183,0
9888,1
11383,1
6197,0
6295,1
4499,1
1154,0
2255,1
9874,1
3170,1
7400,1
10248,1
7158,1
12282,1
14798,1
3108,1
4548,1
11915,1
14589,0
5423,1
2049,1
13168,1
11835,0
9208,1
8815,1
14696,0
14075,1
262,0
13922,1
11561,1
4061,0
5534,1
14486,1
14257,0
6616,1
8120,1
8155,1
1802,0
4736,1
14982,0
2385,1
6694,1
5759,1
1959,0
2976,0
8680,0
1843,0
1734,0
2911,0
11411,1
8338,1
13822,1
1986,1
9561,1
6546,1
14243,0
7098,0
2811,1
659,1
9986,1
2511,0
11589,1
4282,1
9339,1
11464,0
8800,1
6287,1
11774,1
1930,1
7125,1
197,0
7777,0
2931,0
8004,1
2327,0
4389,1
8958,1
12688,0
4218,1
11447,1
202,1
3510,1
4931,1
14582,0
5535,1
9925,1
5791,0
10969,1
1707,0
5172,1
5249,1
13949,1
11666,1
6528,1
14775,0
5855,1
8164,1
854,1
13877,1
14555,0
4737,1
12289,0
10352,1
698,0
11344,1
11191,0
3696,1
1636,0
7280,1
7554,1
11649,1
3581,1
1291,0
12851,1
6585,1
13808,1
1853,0
5232,0
3763,1
3304,1
1495,1
13919,0
11935,0
11637,1
7994,1
1998,1
663,0
12971,1
13545,1
3748,1
4413,1
12936,1
5530,1
5575,1
8901,1
7526,1
9474,1
5864,1
13260,1
10867,1
6776,1
12221,0
1306,0
13688,0
13696,1
7392,1
10429,1
11494,0
5592,0
10230,0
9721,1
1663,0
5450,1
14901,0
14930,0
3627,0
13931,0
13339,1
13083,0
2693,1
11252,1
9789,1
10921,1
10817,1
5915,1
3157,1
11506,1
9914,1
13471,1
6668,0
1059,1
4636,1
3242,1
1678,1
6892,0
6374,1
7574,0
1757,0
6019,0
12383,0
5116,1
8755,1
7408,1
2790,1
863,0
7858,0
1484,0
7035,1
7721,1
5977,1
5134,1
206,1
4488,1
6938,1
9062,1
12685,1
6910,1
502,0
7385,1
1028,1
3840,1
10882,1
13773,1
8110,1
5056,0
9762,0
8154,1
10965,1
14183,1
2731,0
14434,1
8996,1
14039,0
11837,1
2454,1
12790,1
7215,0
3104,1
13067,1
14151,1
8392,1
6278,1
3099,1
6184,1
10470,1
3561,1
5892,1
12666,0
14624,0
12706,1
13986,1
391,0
6736,1
5618,0
5258,1
9687,1
2695,1
2027,1
13440,1
5463,1
2568,0
8006,1
64,0
12076,0
2062,1
5276,1
7208,1
8684,1
8571,1
6331,1
4859,1
14552,0
12185,0
4887,1
9268,1
878,0
8529,1
7916,1
6863,1
7892,0
6439,0
7869,0
1016,0
9467,1
11990,0
7629,1
12743,0
11534,1
13103,1
14605,0
995,0
10173,1
4297,1
161,1
5675,1
6873,1
14737,0
12990,1
9692,1
7989,0
3843,0
13417,1
10805,0
11653,1
1021,1
3073,1
7555,1
3943,1
1585,1
10147,1
3152,1
14541,0
8226,1
12206,1
775,0
10748,0
9670,0
7099,1
5486,1
6235,1
9555,1
7041,1
2612,0
7513,1
11016,1
10233,1
8433,1
10253,1
10555,1
8792,1
10627,1
5393,1
14502,1
11080,0
14356,0
8838,1
3890,0
3556,1
11394,0
1528,0
1267,0
7734,0
1899,0
4658,1
3005,1
2734,1
189,0
9998,1
9167,0
2747,1
2047,1
7849,1
2558,1
9274,1
8666,1
11096,0
13035,1
6396,1
12309,0
3385,1
4555,1
1184,0
6420,1
5051,1
5311,1
2433,1
6949,1
13803,1
10583,1
769,0
1685,1
8322,1
11111,1
11363,1
11636,0
14423,1
5578,0
4426,1
13526,1
466,0
6265,1
5734,1
11284,1
11964,1
5191,1
13418,0
5390,1
860,1
7270,1
