,job_categorized
9838,6
7689,9
6557,1
6872,2
820,9
1643,9
7217,9
8351,2
2631,9
107,2
10329,7
367,0
8216,8
416,3
2420,8
729,9
13626,0
4170,8
6189,5
12752,6
10385,4
5778,8
6206,7
2388,7
12619,7
4894,7
6586,7
8439,9
5094,9
4747,7
510,8
700,7
6679,9
11135,9
2628,3
3679,7
1277,9
5226,9
2030,8
5071,9
39,9
1891,9
7874,7
4785,8
3421,0
4111,6
7621,0
10514,9
2980,2
5001,9
12678,6
1303,5
4618,9
7708,5
10986,1
346,9
7375,8
8530,8
9743,8
474,7
8860,5
6576,7
9937,7
12770,5
13316,5
322,7
5245,9
4953,6
11247,0
7820,9
2754,5
9512,8
13631,0
3514,9
5905,7
971,9
6698,9
10194,9
8661,9
12095,7
6113,5
10862,7
14569,8
1201,9
2727,8
7399,1
7795,7
14739,0
36,9
12943,8
4750,7
6740,7
14664,1
6933,0
5183,1
10465,7
8969,9
12631,7
11661,1
8459,0
3090,9
12232,2
1288,6
3031,8
14655,0
2977,5
2400,9
14010,7
14508,6
13925,7
9924,4
1746,6
4125,8
7172,1
9922,0
4315,9
8118,2
11571,6
5981,7
11487,8
11908,7
4549,9
2507,6
3375,7
8310,6
7092,6
210,9
13161,9
1950,9
4393,9
651,9
2206,0
4475,8
2615,7
1396,7
11051,9
5909,3
3942,8
1670,6
2320,3
9509,9
14342,8
1952,9
7630,1
14561,9
2937,9
10857,7
11807,6
11035,2
14223,7
10146,0
484,7
11100,7
898,4
1732,8
13955,7
2613,7
6387,8
8778,5
6076,8
14550,3
4684,2
2640,8
1250,2
12697,7
11078,4
2435,1
4954,0
9787,7
14914,8
13356,8
4751,7
8552,2
13957,7
2303,7
5532,9
11944,8
12525,6
582,8
7372,9
9811,9
718,3
12334,2
11066,9
762,5
3468,3
1870,9
12574,9
6072,9
6808,7
6836,9
738,8
9754,9
12380,3
12534,5
7508,2
7503,7
11503,8
13612,8
14300,7
4024,8
14358,0
8303,9
750,0
10330,7
12939,9
8077,0
4554,8
1839,5
5399,9
13541,8
1275,8
6650,7
10114,9
4459,3
14266,8
9545,9
10556,7
10657,8
10569,9
2264,8
8294,8
1536,7
4296,7
6779,0
6061,3
1369,1
740,8
6800,5
3857,9
1188,9
13451,8
9601,4
1570,9
9632,7
10107,3
2527,7
2127,6
10073,2
2764,7
9188,2
11418,6
12638,2
9392,4
6018,0
10035,9
1981,1
13625,7
4094,8
10919,9
13777,7
14317,2
2057,1
4536,3
4685,2
12854,9
4004,9
11696,9
14742,3
14376,7
10323,7
9913,0
3434,5
9269,9
9825,8
6302,9
1710,2
14251,9
6286,2
13047,1
562,2
10786,7
7907,8
640,2
1669,0
3000,7
7307,8
13481,4
14513,1
2407,9
12566,3
8064,8
7796,7
13385,6
5936,9
14981,9
2910,7
4081,9
9948,7
12103,7
4743,7
14511,0
5123,7
2928,7
3166,9
4304,2
7760,8
180,7
5070,3
12464,5
4553,8
2218,5
12317,7
1955,8
1057,6
9056,8
9706,7
5556,4
4436,5
1399,7
12849,2
9642,7
10529,1
4990,2
12047,8
10127,8
2234,7
5144,3
14020,6
12038,9
1210,6
3669,5
10436,8
2238,7
13114,0
10741,9
2948,8
11766,5
8387,6
13879,8
6216,3
12118,9
7250,1
6690,8
14125,7
5292,7
14140,0
1434,4
14980,9
92,7
11384,7
11226,9
11126,7
10991,1
3469,9
13315,4
6444,3
4861,8
7459,8
14196,7
7436,3
10278,8
6594,3
10050,8
3449,7
9355,9
1084,7
8748,8
2777,2
11433,5
428,8
5013,8
12453,1
12405,7
13804,7
10846,5
13826,5
2698,7
11558,7
10074,0
11299,7
408,7
7520,9
13295,0
1608,9
10431,8
14916,8
4455,7
7663,3
11431,9
12441,9
9213,8
3941,8
426,9
949,9
10087,7
7319,6
2865,9
9016,7
14706,9
4156,3
8060,8
14197,0
6545,9
5908,2
7103,8
7844,4
1691,7
12834,7
12402,7
1421,8
6244,0
4216,7
819,9
4614,3
4162,9
7438,3
3422,0
14676,5
14429,0
11496,7
4257,9
9891,9
409,7
1285,0
4814,5
11631,4
6798,4
4355,8
13382,0
1091,7
7998,0
73,6
11600,6
3585,1
4238,9
11218,3
6706,6
5751,7
291,0
6084,8
13232,7
8278,3
11409,7
13823,9
2089,2
7873,7
1801,9
13751,7
11821,9
1576,8
1110,9
318,7
9985,0
4038,0
13589,7
6194,7
1825,6
3146,7
5081,9
6832,9
3411,8
144,6
8994,0
4561,9
7732,7
3975,5
9113,3
7923,0
13752,7
8613,0
4870,0
13581,7
11799,7
8256,7
7163,0
1830,1
11975,4
85,5
14170,6
1219,1
7416,7
14865,9
9458,5
3724,0
5689,9
10308,9
10959,9
6598,9
13821,2
8807,2
594,4
4638,9
9176,7
8272,2
3519,7
7660,2
8629,8
14542,7
14380,7
5987,3
61,0
5723,1
8158,6
5152,9
10683,1
5090,8
4489,0
5620,8
11856,7
12378,2
13009,9
4866,9
13123,1
14885,7
6749,3
7044,7
11403,4
5493,1
3958,6
958,9
472,7
5960,5
1513,0
2290,2
12624,7
5967,7
4064,7
13766,7
1479,2
9532,6
8276,3
2899,1
5849,8
7100,5
6071,9
9089,5
7631,1
9490,7
10766,4
3708,8
9551,7
13134,5
9577,9
5239,8
9189,3
491,3
10094,7
12634,7
3776,9
9603,0
8890,9
8509,9
127,8
6372,9
13396,5
11117,7
9336,7
1264,9
7615,9
7698,6
11043,9
7953,7
7021,1
6753,9
9936,7
6592,2
275,9
7831,8
14474,3
10500,9
1272,8
8168,7
9368,9
3601,7
10801,9
1897,0
11890,4
14131,7
5716,6
7936,5
6741,7
4034,6
14727,9
11156,9
4077,3
10712,2
5046,7
7267,7
2826,7
715,2
10531,1
10109,3
2973,1
12742,8
1118,8
13991,6
3804,6
6290,3
4526,7
4342,6
9349,9
2316,2
9466,2
7859,1
4292,7
7748,9
11578,4
2458,7
10626,7
5405,0
5623,8
7677,9
12528,0
8979,8
6558,1
9035,2
10606,1
6760,9
13495,7
1864,3
12792,8
8074,0
3820,5
8757,8
1145,2
10252,7
14549,3
13350,9
733,8
12069,6
5614,9
5169,9
3282,5
2457,7
9970,8
8715,7
5852,8
13427,3
5627,8
4745,7
12443,0
7144,9
9072,6
6890,7
12089,7
9363,8
11712,4
6536,8
5357,7
14956,7
14526,7
5554,9
7912,8
12406,7
7535,8
13593,7
8973,9
4229,2
7700,6
12277,8
10586,8
4660,9
11974,0
4755,7
5434,7
14490,8
12409,7
11387,6
1793,9
1692,7
4786,8
7541,0
13676,7
493,9
12415,3
157,9
13885,7
13120,1
1463,7
12455,1
11077,0
6148,9
9520,8
8759,9
2287,1
7530,8
3351,6
9846,0
965,8
9403,7
6388,8
2252,9
8892,9
2578,0
438,8
4442,7
8288,9
1614,7
4789,9
10159,5
9462,5
10226,1
12956,0
13106,9
467,7
10079,8
8624,1
756,0
13846,4
14592,3
2688,7
1090,7
7606,8
10632,7
4862,8
6109,8
5612,9
5389,8
1374,5
5550,8
1862,2
10172,7
5767,9
13491,4
4884,5
10368,0
8625,1
1878,8
14498,9
14296,5
11982,7
1119,8
8673,8
8628,2
11898,7
13544,9
14681,7
9589,8
2186,8
14926,9
10769,5
7033,7
3996,2
13650,7
4387,9
1432,9
11373,7
10858,7
8774,1
4900,7
2174,9
6778,0
14797,8
2102,9
10371,6
12541,5
2656,0
6759,9
13564,7
14480,9
1934,7
7900,9
2952,8
4367,7
6518,3
13113,0
11054,8
10860,7
6877,5
11208,7
7039,7
758,7
5035,1
3312,2
829,6
4504,5
8198,3
7068,9
5350,5
4450,7
8327,5
2447,5
11720,7
13638,5
8066,8
14686,7
14166,7
13205,0
11239,8
7047,7
11090,6
12610,5
7247,1
9390,8
13263,9
4708,8
6730,7
7195,7
5195,5
1459,5
14726,9
3441,5
5872,0
10165,7
5653,9
6794,7
8201,3
10158,5
12437,8
11377,7
5762,9
3827,7
14842,7
6515,2
2673,2
134,9
5651,2
12508,8
7584,2
14048,6
2929,2
10307,8
11708,4
799,9
10770,7
8658,3
11121,7
427,9
9412,7
13386,6
4925,9
4015,8
11216,3
7306,8
14015,7
7918,9
14475,3
5425,5
1255,9
6066,9
6422,7
6810,7
5768,9
9015,7
6087,9
5766,9
12829,7
9803,3
3131,7
2318,2
1926,7
8314,0
9228,0
3037,9
11376,7
5440,7
8886,3
8674,8
7501,7
13916,6
12959,0
5437,7
3694,3
11193,5
13023,8
3746,5
10814,8
13130,9
12180,7
8537,0
4851,9
7810,7
381,3
10347,9
4245,8
7472,6
4073,2
2788,9
6625,0
0,7
9267,3
7814,2
3060,5
8444,8
2549,3
12729,9
9371,0
11606,4
11683,8
12055,8
3503,6
7856,1
5344,2
5800,1
5665,7
316,7
2314,7
6733,7
12692,5
9253,7
2018,3
3316,3
4441,7
12212,9
3980,7
5156,9
5863,0
5118,5
6874,9
4265,6
6220,9
7139,9
9863,7
6176,0
8854,5
9666,8
4301,7
11818,7
5163,8
12458,5
9535,1
10685,7
216,0
14815,0
7078,8
1851,7
5261,1
3448,7
5912,3
866,2
8178,7
43,9
17,7
5799,1
9119,9
1883,8
1694,7
9978,8
2372,5
9671,8
12516,9
5769,9
7603,8
8620,0
4333,9
12679,6
8523,8
5458,9
3837,7
13537,8
6081,8
14216,7
14843,7
6551,0
7881,7
9205,8
6442,3
13958,7
9406,7
10317,7
3305,7
259,2
10338,3
443,0
12414,3
11656,6
7220,9
532,3
14493,8
7745,9
5635,0
12123,8
9669,8
14515,1
12760,7
8889,9
13769,7
430,8
11444,6
4991,3
2328,9
5431,7
6145,9
7222,8
577,9
13944,7
8115,7
684,7
5828,7
7794,7
7731,7
6363,2
3785,8
10884,8
1698,7
761,7
11379,7
11926,7
796,3
10251,7
5847,9
11952,7
6913,9
11669,9
13945,7
12506,8
12279,8
8965,9
2546,2
11086,0
1941,3
9232,1
13615,5
7341,7
10997,6
4256,9
3068,7
13049,5
14224,7
1654,8
7198,7
4338,0
9952,2
11336,0
591,9
14366,2
13392,1
7076,8
1041,8
12427,9
2392,2
2517,5
2221,7
12104,7
11301,7
13229,7
3877,0
13948,7
7281,2
4398,8
12188,9
9571,2
7772,0
9941,7
12934,9
960,8
9194,9
7649,7
13598,6
12170,7
883,9
14387,7
8810,3
11032,7
2481,9
7145,9
11108,7
3703,9
14770,7
11124,7
14219,7
14947,8
1835,8
4101,8
13010,9
1805,8
4291,7
13225,5
2450,7
1594,6
14671,2
3540,2
14929,0
6407,1
8902,8
12983,7
7771,0
14364,5
1160,7
3527,7
5066,2
12440,9
13190,0
12012,7
8109,7
2154,7
1458,5
1206,0
4982,7
14111,7
2742,1
1071,4
7363,9
13346,9
11219,3
4397,9
14090,0
8424,7
11584,4
11903,7
14082,8
7919,9
1147,9
10918,8
7586,2
14613,7
3772,3
12835,7
13327,7
1886,8
623,7
9845,0
1339,9
14827,5
4119,1
7775,6
3080,7
3794,8
1501,8
4295,7
5883,4
9332,7
8187,7
11603,4
6817,7
2532,7
7110,7
11650,7
12311,4
8023,7
8608,9
7765,9
11298,7
11759,4
5034,1
11566,7
1472,7
13605,4
11726,7
849,7
5478,9
7558,2
12847,2
5948,0
2210,1
12664,8
3526,7
13443,8
7439,9
13450,8
4153,3
8184,7
3424,6
414,3
5794,6
8167,5
6918,8
13029,9
11997,4
2094,3
5740,7
13967,4
14157,4
2340,8
265,9
9402,7
5165,8
5990,9
6306,8
3542,3
6862,6
5678,2
14464,7
2142,5
3851,9
11803,7
1082,7
1671,6
13837,6
7210,3
12538,9
1503,8
1971,0
5312,8
3798,4
694,5
3855,9
11850,9
10847,7
10881,9
14093,0
6096,6
3094,9
8639,7
6011,9
5601,2
10495,9
6454,9
13391,1
3244,9
3100,8
8423,7
3563,8
5327,0
5980,7
11381,7
13060,7
12739,8
8730,2
13790,5
10031,3
13691,1
9287,8
11828,7
11437,7
3231,7
13265,8
11972,2
2484,9
10791,2
5349,5
952,9
13362,8
9898,8
3409,8
5681,3
1718,9
10297,6
13990,6
7695,0
5683,3
9132,8
10772,7
5202,7
12233,8
2564,8
1146,8
1937,2
12746,4
1031,9
3884,0
5483,0
5386,9
5743,7
14220,7
8205,9
3858,9
96,7
13524,9
3130,5
2474,3
3931,9
2627,3
3773,9
5194,5
2239,7
10372,6
9801,2
5146,3
4896,7
11033,7
3027,8
14697,2
2389,7
12127,8
1592,0
2391,7
3082,2
5224,9
5711,0
4461,3
10218,6
10726,9
14818,1
11009,2
14781,9
2901,5
4099,8
12059,9
12240,7
2540,7
10510,8
8191,7
13401,4
7945,7
5846,9
8631,4
12280,8
4184,0
12774,7
2576,9
12114,9
9584,9
11119,7
9258,7
7571,7
1281,0
13217,1
7746,9
5687,9
6451,9
8379,9
5404,0
6497,7
10196,9
12897,2
415,3
7550,0
13387,6
710,7
6417,5
3528,7
2528,7
14274,0
5277,7
4959,1
2893,6
11013,5
14750,4
5749,7
13780,6
5180,6
4091,8
9799,2
2888,0
14882,7
1523,1
9717,7
7784,5
12293,0
1406,3
9525,0
5364,7
11042,9
10931,7
6215,3
1811,8
14834,7
8824,8
11791,2
12423,9
8020,5
4339,0
10610,2
13668,2
12962,6
1486,9
6259,7
6482,1
774,7
1631,7
9071,0
14794,8
469,7
6967,7
9868,7
6827,3
14585,6
10390,7
14817,1
14608,7
598,0
8768,6
8193,7
6955,5
1905,1
4695,9
7420,7
7169,6
7991,8
9115,3
7802,7
12881,0
12016,7
9202,9
11315,9
11762,2
5028,6
11142,9
5512,7
12125,8
8610,4
8904,8
2837,7
7458,8
7596,9
3218,7
3573,0
3132,2
14886,7
3520,7
13463,6
2588,1
7944,5
4874,6
3353,1
4308,3
1758,2
11611,8
11510,8
852,7
1494,9
8784,5
2464,7
9295,0
9553,7
7298,8
7229,8
6428,7
8863,7
4562,9
11667,2
9926,2
500,9
10376,1
11701,0
9128,8
1046,8
8600,8
2633,9
10349,9
6029,1
13181,8
9502,9
11398,5
7348,7
12004,7
11136,9
777,7
7930,0
4501,1
7696,0
4019,8
1194,8
10928,7
51,8
6351,7
2304,7
7632,5
7007,4
5537,9
1113,8
2982,9
656,8
3254,8
5385,9
1187,9
14900,3
11200,7
6392,9
565,3
4118,1
9121,9
840,2
3888,1
1642,9
12751,0
12690,9
8478,9
2666,1
1972,0
14680,7
13198,1
1149,5
4092,8
10324,7
765,8
7051,2
7562,5
10659,8
3872,9
5605,3
10779,7
2620,7
9396,7
3026,8
4730,1
4102,9
7738,2
13646,5
7224,8
5688,9
13525,9
14005,4
2685,7
9383,1
10687,8
13897,8
911,7
8131,9
12731,9
7075,8
1345,8
1444,0
6196,7
3499,0
6790,1
7309,9
12532,3
2422,9
7635,8
2732,0
80,8
4217,7
13388,6
10463,5
5331,6
7499,7
11796,5
12602,6
4889,4
1572,9
13375,0
879,9
1578,8
8765,0
1509,9
1896,0
4520,7
4112,6
11675,7
1845,7
4914,2
14738,6
9281,8
9500,9
6311,8
7496,7
13895,8
13132,5
9526,0
14114,7
5403,0
5821,7
3614,2
2108,8
13496,7
9440,8
14946,2
12267,9
12904,7
7756,8
5306,9
12519,0
13209,6
9230,1
6825,3
12850,3
4325,8
3219,7
13670,9
10318,7
13835,0
1193,8
45,9
13815,4
976,0
10522,6
2963,0
1584,9
11671,5
4515,7
12798,8
9701,5
1975,6
3912,7
9810,9
6498,7
4411,9
12862,9
7460,8
12654,9
12217,0
11674,7
4580,5
2840,7
5465,8
8289,9
12381,3
6209,7
13085,9
13156,2
9619,7
12449,6
6613,8
12650,9
6119,7
37,9
576,9
10333,2
3988,7
713,7
14408,9
7964,2
8250,5
2335,8
12604,0
4420,6
7492,7
12596,0
881,9
567,3
9798,7
4981,7
2245,3
12050,8
4165,9
8093,8
10255,7
13442,8
8654,2
239,7
12836,7
12067,6
6660,7
1597,0
9663,9
6053,7
1901,6
1180,9
10696,7
9488,7
8978,8
3006,2
9452,0
2781,3
12868,8
12198,9
13094,9
11074,6
9225,6
8845,6
2829,9
6876,5
13475,6
12755,6
8253,7
4219,7
7757,8
13737,0
10553,7
5843,9
3413,8
7001,8
906,6
8214,8
3693,3
13924,4
3118,0
12546,7
10564,3
6077,8
10887,8
13166,9
8596,8
7015,6
9304,0
295,0
6253,1
1785,2
4382,2
6505,7
13397,7
1284,0
7781,1
8959,2
12671,0
4454,7
14517,5
549,7
12721,9
5340,1
3574,0
6292,3
4352,5
6829,9
2648,8
2586,6
5860,9
3160,2
7150,8
3182,8
3480,8
2377,7
8440,9
6935,0
6769,8
8204,9
6962,7
10008,5
13554,6
10903,0
12110,3
13595,7
11112,7
9303,6
5430,7
8156,6
14442,7
7320,6
10221,6
12716,2
11073,6
1613,7
11188,8
13855,5
10199,8
8388,6
2015,3
8409,7
14868,8
9848,5
6440,2
2981,8
13118,6
9082,5
13096,8
243,7
5030,0
106,2
13630,6
10054,8
13256,9
13757,7
13301,6
6867,1
12686,5
9880,3
4605,7
7948,7
6662,7
5284,7
3960,6
3873,9
11353,7
6369,9
7903,9
5770,9
7885,7
9785,7
12515,9
7510,2
10132,8
29,2
2801,8
7109,7
5453,3
2922,7
4664,5
12852,3
8037,7
10007,5
1245,7
7134,3
4053,5
12982,7
4412,4
108,3
6977,2
5460,9
8262,7
11231,8
7168,6
7759,8
8672,8
4394,9
8779,7
12695,7
11859,7
10062,0
4348,1
12164,7
14799,8
7474,0
7252,5
7070,8
4999,9
5608,9
10374,0
973,9
11920,7
4299,7
11732,7
3653,6
12134,9
7292,9
3088,3
8451,8
13268,8
5294,2
5803,7
8506,3
10,7
2647,8
11782,0
1426,8
12302,1
3265,9
13240,7
12906,7
8437,9
11134,9
1215,0
11739,7
13889,7
11860,7
9219,0
6700,0
323,7
1344,8
4457,2
8999,6
909,7
10140,0
3399,9
496,9
14221,7
12368,0
10284,8
10444,0
12803,4
3470,9
13163,9
13028,8
4365,7
10355,8
1195,8
6138,3
1423,8
6713,1
256,7
12632,7
9066,4
288,9
12889,0
6433,7
14878,7
11335,4
12344,9
4484,8
10999,6
11594,7
6510,7
1232,7
6926,8
10168,7
2675,9
1112,8
6695,8
7512,3
267,9
11979,7
9624,5
5804,2
5654,4
11331,8
3048,0
6165,9
8114,7
1379,4
8377,8
11519,0
6127,7
4759,7
9573,3
5500,9
11155,8
3790,8
620,7
652,9
7342,7
8029,7
3473,9
12335,2
6373,9
6834,9
13982,7
11749,6
2516,5
11514,9
11480,1
7074,8
13302,6
8222,8
10790,2
5598,7
3603,7
9313,8
14252,9
5456,9
8963,3
1506,8
9420,3
12995,7
7726,7
10925,7
12375,6
6590,2
14627,3
730,9
11278,8
12349,9
6118,7
10481,7
1745,0
3853,9
9652,3
14636,9
2709,9
8651,7
3388,2
11481,1
11851,4
8522,8
7199,7
8331,7
3126,1
1156,7
9824,8
32,3
10121,9
11629,0
1336,9
13533,8
5353,7
12841,7
8823,9
1610,5
939,7
5379,9
4023,8
10298,0
11912,7
11031,7
745,9
4083,9
8598,8
2877,8
8370,8
4701,9
1741,0
9270,9
2651,9
8868,7
3002,7
1821,0
8704,2
1330,3
12184,3
957,9
2110,8
5397,8
4691,9
1660,8
6889,7
9187,2
13352,9
655,9
14273,0
10804,9
13984,7
7971,9
6177,1
10085,7
2199,0
2960,9
4640,4
14984,9
13039,6
11422,4
12239,7
12445,0
1405,3
11854,5
2625,3
9826,8
7960,7
5174,0
10163,7
3148,7
8943,7
2873,8
3916,7
7305,8
5489,0
7091,6
8018,4
76,6
7181,4
13027,8
13932,7
4947,0
7819,9
2260,8
1775,7
13953,7
10505,8
93,7
12063,0
4007,9
7405,7
10876,9
14504,0
4810,2
3181,8
5814,7
1076,7
2338,8
8404,5
1885,8
5910,3
14433,6
4323,8
4949,0
5857,8
9999,0
14319,3
2759,7
13093,9
12773,7
4030,0
3352,0
1437,0
1233,7
10665,9
4281,5
7585,2
9558,7
3102,8
2465,7
11069,0
12590,8
449,6
5436,7
12163,7
3621,9
2317,2
13903,8
2185,8
4477,8
1890,9
1155,7
9704,7
8177,7
7042,7
1728,8
9186,2
11910,7
14562,9
10856,7
12456,1
5932,8
4392,9
8494,7
2503,0
7676,9
2463,7
14065,5
2846,7
9988,0
5058,7
1612,5
5706,9
2191,8
1729,8
8169,2
11167,6
13091,9
13097,8
9622,9
6486,5
14677,5
12386,9
7316,0
4047,2
8061,8
8295,8
7391,0
5421,2
4240,9
9112,2
10259,3
2755,5
2492,8
3139,7
8515,9
5508,7
13305,4
3272,6
12768,5
9997,2
2889,0
6756,9
788,7
10083,5
10580,8
6670,3
7428,7
7464,4
7624,6
6224,9
3377,7
4527,7
12807,0
1780,7
8993,0
2959,9
7958,7
8391,0
349,9
7899,9
6618,8
3349,6
42,9
801,9
3529,7
6050,7
981,6
3458,7
5902,7
5528,3
7588,3
14871,8
10840,2
10110,3
9919,5
9818,8
7974,9
2756,5
8025,7
916,2
4617,9
1616,7
5563,6
13657,6
2146,7
9050,9
1833,7
13802,7
14767,7
11415,0
7403,1
4714,9
5712,0
9698,8
11892,4
782,7
11639,8
13789,4
11401,8
7681,8
9709,7
9034,2
4838,2
2401,9
10988,1
4205,5
4641,0
2152,7
12181,2
2947,8
9563,7
13321,7
3878,0
10480,7
8936,5
13036,0
10865,7
11006,1
5271,5
6271,7
3023,9
5274,7
3541,3
3279,1
8062,8
8543,6
14281,0
10415,9
11099,5
2804,8
2211,1
8618,6
13510,7
10980,0
3133,8
6225,9
9940,7
9767,1
4320,9
9527,0
2107,8
5128,7
9647,2
11319,9
3973,4
6181,1
3034,8
8239,1
9733,9
4663,5
7634,2
3286,9
2367,8
13468,4
11522,6
440,9
12633,7
12053,8
12356,8
4692,9
13422,7
14630,9
9844,2
1224,9
8540,6
2592,1
3247,9
2812,0
7289,9
7883,7
14104,4
2691,7
4132,7
11597,6
8171,9
2249,9
2552,9
6179,1
10547,7
10066,6
14857,9
3649,0
380,3
12392,7
5747,7
14876,5
5414,1
8012,5
1360,0
3196,6
2037,8
486,2
9934,7
14044,7
783,7
12018,7
14699,2
10099,7
11505,8
3238,3
6367,3
5748,7
5358,7
8366,9
14960,7
5880,2
11254,6
8197,2
13309,4
1915,5
8542,6
8113,7
7580,7
13601,6
10018,7
3464,2
2138,2
10420,9
8285,9
742,8
13105,8
11528,4
14685,7
13523,9
14067,7
13860,7
4480,8
3442,5
6107,7
4521,7
2847,7
14383,7
12907,7
8604,8
9140,9
6942,1
5400,9
10515,9
8104,7
13482,4
14410,8
1834,2
9485,7
13098,8
12660,8
12126,8
5701,8
4801,6
5896,7
14898,2
5674,7
11702,0
3003,7
23,7
7466,0
3524,7
10955,9
5527,3
12968,1
1309,7
14416,8
8394,1
3475,9
789,7
11883,0
13714,8
7013,6
3284,2
6461,8
2514,1
6143,9
4385,3
10956,9
4905,7
8731,2
10407,7
14324,9
5444,7
8922,6
3688,7
1395,7
7278,7
8030,7
5006,8
10798,9
14918,8
8874,7
5257,6
10206,8
6803,7
11170,0
8149,9
10598,6
7414,7
6338,9
5733,5
9289,8
14363,5
9683,0
3301,7
12809,6
10283,8
10794,3
7020,1
712,7
4279,9
7219,9
8762,4
9301,6
10423,9
1822,6
9410,7
6243,0
7523,9
13139,7
9505,9
9954,2
1977,6
11901,7
3264,9
6561,1
4834,7
5061,7
252,7
8526,8
2098,9
8384,0
11311,9
3671,7
10797,9
8354,3
11149,8
11717,7
4416,0
14138,7
12509,8
14725,8
9311,7
8257,7
6912,9
12140,0
2934,3
14596,8
7283,3
6517,3
8359,9
6560,1
14902,3
5945,6
8343,7
9441,8
12942,8
14937,6
56,8
3412,8
5582,7
2855,2
8318,1
2986,5
7847,0
11784,4
9217,9
12051,8
6187,4
9942,7
11819,2
11785,4
4722,6
8291,8
10855,7
4472,9
12954,9
8086,1
2188,8
6459,8
4049,9
10456,5
5446,7
8067,8
8495,7
3544,3
519,0
8524,8
4508,9
10421,9
7713,4
5263,1
8136,8
6914,9
227,3
8740,9
6750,3
8144,8
11806,6
8124,3
14008,5
10356,8
10124,8
1699,7
14910,9
13011,9
1877,9
513,8
10820,9
10309,4
14312,7
9611,0
6884,7
7359,3
11802,7
11863,9
6110,9
14452,7
8426,2
2916,7
11441,7
480,7
12886,6
7444,9
2577,4
7652,7
13592,7
13237,7
12066,6
11228,9
5272,5
6745,2
8650,7
1596,6
14042,7
3896,4
10557,7
1349,8
5805,8
7176,5
3777,9
11075,6
11844,4
9006,5
4050,4
10513,9
11406,5
7627,1
12220,6
2762,7
14741,2
6385,8
3685,7
5062,7
3602,7
13511,7
10428,8
1446,1
6167,0
1020,2
705,7
14805,4
1866,3
13793,8
13151,7
8057,9
12938,9
2574,9
12099,7
2956,8
7487,5
3742,9
3914,7
9391,9
10910,1
1419,9
1103,9
6180,1
11204,7
7836,8
13994,4
1558,3
6427,7
7089,6
6849,8
12817,1
3523,7
4542,9
34,3
3400,9
14520,8
8471,1
13210,6
6861,6
7231,8
2652,9
5328,0
5903,7
7441,9
12505,8
12193,9
7529,8
11767,5
292,0
2836,7
10943,2
7477,1
11549,7
2870,9
12396,7
11638,2
7303,8
10536,9
11541,7
7565,7
14586,6
1318,7
2730,9
10220,6
13818,4
6705,6
13206,0
4879,1
14468,7
11478,1
11405,5
13686,6
2228,7
2641,8
4418,6
9174,7
6503,7
6192,7
9271,9
6870,5
356,8
12919,7
11160,0
12909,7
8443,8
4584,9
837,1
266,9
2006,7
11730,7
10834,1
2362,1
6908,9
9434,8
12325,7
10926,7
6347,7
6017,0
826,0
9753,9
4253,8
6051,7
13354,9
8282,9
1441,6
3066,7
9640,7
2748,5
7386,9
9033,7
3061,5
889,8
13483,4
12551,7
14570,8
1963,8
3125,1
11224,9
7407,8
1127,0
10562,2
14092,0
6383,8
9723,2
6350,7
13082,3
6201,7
1543,7
3263,9
8761,9
9774,8
2268,8
3770,3
9345,9
7854,0
132,8
9356,8
11688,8
603,6
6423,7
843,4
393,7
13727,4
6037,5
7682,8
4989,2
3928,9
5511,7
6925,8
12165,7
13002,2
13219,7
7598,9
2277,0
6415,4
3234,2
12252,7
3498,0
5862,4
4613,3
12777,7
12297,6
401,7
8129,9
9020,7
7046,7
13776,7
11461,5
4680,7
5008,8
7225,8
3403,9
9118,9
3883,6
9484,7
9422,9
8574,7
11665,5
1573,8
13956,7
13279,0
2423,9
10133,9
5264,5
6950,8
3548,9
10084,5
8126,9
11289,7
7735,7
14948,9
6978,3
12973,7
13078,2
10799,9
809,8
10995,0
12613,8
2650,8
6608,8
14861,9
12869,8
3190,4
3620,3
1702,7
6717,7
14744,3
3650,0
6000,8
7664,3
14401,9
9497,3
12658,8
3370,7
14096,6
9366,8
8309,0
10479,7
9296,0
11137,9
13590,7
7926,6
10200,8
7767,9
664,8
10336,3
8961,3
13653,7
1736,8
5259,1
3347,0
1568,9
462,9
743,9
222,6
9815,9
3994,7
1979,1
8875,7
625,7
13664,4
9145,0
7200,7
13331,7
344,9
5494,1
6729,7
8771,6
1004,7
4449,7
2280,6
456,1
12017,7
9257,7
4335,4
2621,7
7924,0
6323,0
8145,8
10446,6
6092,0
14449,5
5114,2
9543,2
5212,7
10475,7
1760,9
842,9
13177,8
12726,9
13509,7
5199,7
4803,1
2902,7
9990,6
5985,3
14661,6
6791,1
10290,0
14503,0
10776,7
8917,0
10875,9
3431,1
14142,6
9037,3
13066,7
5938,4
14944,5
12160,5
4725,6
7894,3
5130,7
9790,7
8293,8
11923,7
8587,9
11465,7
11742,7
10688,9
368,0
12569,9
3593,5
1415,9
6266,5
12085,5
14872,8
12365,9
9597,8
8956,7
9660,9
11471,7
9318,5
1721,9
8825,8
5324,9
4060,7
14455,7
1824,6
10909,1
14127,7
12049,8
9394,5
3232,7
1918,7
12121,9
1569,9
1831,1
347,9
1242,7
7717,7
10241,7
11287,7
7249,1
8493,7
7593,9
10671,0
12705,7
13084,9
13022,8
8316,1
14369,4
6435,7
11290,7
7782,1
12439,9
9316,5
14880,7
13343,3
10979,0
10599,6
13074,7
1222,2
12434,8
2134,1
8952,7
12253,7
6692,8
8059,8
12102,7
509,8
10451,1
3986,7
748,0
5246,9
1259,9
4718,0
1888,8
711,7
13157,3
13698,8
8166,1
5833,3
9272,9
13149,7
14419,8
4808,5
3329,8
3293,7
8484,7
11798,7
6083,8
13061,7
10044,9
4865,9
5551,8
9252,7
11350,4
104,7
1794,9
12744,9
2386,7
6424,7
4847,9
6648,7
5837,9
8246,2
1658,8
212,9
8240,1
5886,5
4419,6
14146,4
5193,4
5735,7
1359,0
334,2
11198,7
3110,8
5709,4
792,2
233,8
13863,7
7261,7
1064,1
209,8
11432,4
10809,8
8355,3
14988,9
4498,0
10637,2
2413,8
9594,8
7590,3
11560,7
12146,6
871,3
1263,9
1618,7
4345,0
10075,0
2414,8
13003,3
13504,7
6395,0
1220,5
13938,7
1765,7
6501,7
8492,7
13360,8
2001,7
5609,9
8857,8
4581,7
6104,1
1485,3
3582,1
2523,5
13158,3
6330,1
3078,7
4833,7
6631,6
1305,5
4782,8
8254,7
4381,2
12855,9
8583,3
8229,0
14425,0
2165,2
617,5
14546,2
7275,7
14812,6
8517,9
10239,7
9096,7
14227,7
2163,7
4770,9
10141,0
14698,2
2004,7
14336,8
3047,6
7768,4
13293,4
13303,0
14139,7
6335,7
8200,3
14417,8
3095,9
8233,6
3285,8
11359,7
11858,7
7861,7
1313,7
14189,5
7111,7
11817,5
2903,2
13900,8
3333,8
11275,5
3053,1
12601,6
5072,9
8677,8
9812,9
14289,7
2269,9
11061,8
13690,1
7152,8
9962,9
9375,0
14269,9
14509,6
9792,7
7712,9
7952,7
4707,8
13372,0
2114,8
13771,7
1541,7
12037,9
2602,5
12870,8
4607,7
12821,2
8974,9
10802,9
4756,7
6291,3
5538,9
12646,9
520,0
11550,7
11027,7
9426,9
8876,7
1092,7
13202,1
8559,7
4913,2
10458,2
3771,3
11103,9
1109,9
4655,1
11538,7
1038,8
14483,9
20,7
10796,9
6627,0
5531,9
10520,0
934,7
9995,5
13699,9
13563,7
14173,6
1726,8
4490,0
10287,9
8827,8
1737,9
6436,7
561,7
13162,9
13838,6
12496,9
1162,7
13996,4
10017,7
9365,8
7502,7
1527,5
11082,4
7855,1
2930,2
7691,9
58,9
8747,9
8223,8
12787,9
4483,8
2291,8
6929,9
12863,9
8217,8
14153,7
13154,2
11544,7
1649,9
14801,8
6137,3
2724,8
11515,9
938,7
4510,5
12856,9
14255,9
4694,9
13828,7
6529,9
998,5
11323,8
4528,7
3870,8
9073,6
5354,7
14268,9
2907,5
10760,5
9781,7
3538,2
5993,9
14616,7
915,7
13558,4
4415,0
10279,8
10125,8
1817,0
14645,8
9892,9
3949,9
337,3
2072,7
13299,6
5822,7
11881,0
5143,3
10605,1
3513,8
2815,6
7553,1
13470,4
7671,9
10861,7
8421,7
766,9
3782,9
13571,7
1144,7
12231,7
2510,0
7377,8
2273,0
2860,9
1221,7
10811,8
4864,8
14539,7
7308,8
8001,0
12674,0
12166,7
4924,9
4532,2
6390,8
1672,6
11467,7
12521,0
13538,8
4055,7
7332,9
1808,8
2275,0
3761,7
13728,0
10563,3
9871,7
8630,9
2045,0
9300,6
9156,1
5113,7
1295,1
8513,9
4687,3
3952,0
6556,0
4317,9
14188,5
444,0
5519,7
858,7
14068,7
4439,7
5321,8
841,8
6641,2
6969,7
13887,7
11546,7
994,9
7213,9
9000,0
1554,7
10059,9
1973,0
1951,9
14141,6
11094,4
11313,9
8900,8
2513,1
5559,0
12238,5
2835,7
4700,9
2445,4
2233,7
3050,1
10023,7
400,7
7413,7
9722,7
5198,7
7716,5
9857,7
1023,3
3298,7
6492,5
9068,0
14646,8
11948,5
7965,2
8137,8
4241,9
5424,4
13655,6
10416,9
9322,7
7959,7
4080,9
803,9
1550,7
1009,7
14959,7
10104,2
2737,6
6245,0
5095,9
648,9
8809,3
2862,9
4975,7
7132,3
12710,7
7808,7
550,7
11227,9
5617,9
8998,6
8866,7
211,9
12531,3
8534,4
1781,7
10941,7
3543,3
7475,1
1438,0
2515,1
2868,9
2434,0
5045,7
4792,4
10872,3
9264,2
11937,4
1314,7
11067,4
13675,7
12014,7
3979,7
12,7
6508,7
818,8
2784,9
13064,7
12980,5
453,1
1049,9
14534,7
1656,8
3457,7
14297,7
13104,8
11756,4
13859,7
5139,7
2908,5
14943,1
940,7
14525,5
9636,7
11529,4
12177,7
8655,2
9567,7
4634,8
14621,2
7733,7
6384,8
1400,7
11037,2
30,2
6258,5
13320,7
3677,7
672,0
8431,3
10915,5
6321,0
14279,6
5466,8
11618,7
9494,2
14045,0
1108,9
11436,7
13587,7
3229,7
7582,7
11144,9
12955,4
3319,9
10029,2
5835,3
14838,7
11604,4
12668,9
10661,8
2553,9
4775,9
7356,2
2686,7
7379,8
11181,1
1563,9
14256,9
8085,1
3071,7
11644,5
12562,2
4474,8
11823,5
11848,2
11153,8
4856,8
5268,8
2853,2
12637,7
7637,4
11388,6
9864,7
8926,1
4601,7
13026,8
6853,4
13834,7
2213,7
4929,9
10907,6
10968,8
11941,5
7301,8
2111,8
12780,7
9513,8
6630,6
13610,7
14465,7
8955,7
11095,4
4446,7
13565,7
11225,9
7640,5
5026,6
28,2
14205,4
12019,7
13959,0
13588,7
355,8
1429,8
11063,8
10575,9
10812,8
13042,0
8000,0
332,7
5643,0
8983,8
14604,7
13410,7
4224,7
964,8
10838,5
120,9
4930,8
6480,0
5579,5
12948,8
7749,9
4710,8
3281,1
2370,5
5522,7
2544,7
11989,6
9279,9
2885,4
10041,9
2178,9
8939,7
4898,7
5153,9
1209,6
7890,2
14192,7
9598,9
7581,7
3123,6
12008,7
1544,7
7599,9
14271,4
10725,9
6880,7
11277,2
9621,8
10113,9
13667,7
945,3
10695,7
4550,8
13394,1
14923,8
7886,7
8324,8
9057,8
14283,6
1675,1
9423,9
1561,3
11586,5
14463,7
9430,9
6213,3
11305,2
6044,7
4541,9
1782,7
7157,9
13445,8
1095,2
10389,7
10655,8
7625,6
3287,4
12389,5
677,6
6193,7
2605,7
1392,7
14395,3
14135,7
752,6
1711,3
3737,1
14674,4
14028,5
3215,7
797,9
8211,9
1777,7
4113,6
1770,7
13654,0
14471,2
12778,7
6973,7
6412,2
3022,9
4228,2
13796,5
3012,3
13695,5
9684,6
5764,9
14994,8
4619,9
10994,0
9586,9
6843,8
9932,5
527,6
366,4
6098,6
13768,7
4264,0
4262,0
8265,7
1919,7
701,7
6170,0
14684,7
11288,7
5018,9
7528,8
4423,1
11847,7
4868,4
1298,7
14040,7
1352,8
2926,7
9972,8
11634,4
1287,6
6596,3
11285,7
12264,3
4350,1
8675,8
3697,9
2013,2
10025,7
4373,7
11748,0
5677,2
6831,9
8481,5
2147,7
8802,7
2705,3
5473,8
8496,7
2570,8
10137,0
13507,7
9659,9
13573,7
9742,8
10947,3
810,8
10899,0
5684,9
8249,4
312,5
2073,7
10418,9
11266,6
10977,0
885,8
1477,7
1790,3
9615,0
8341,7
2008,7
3454,7
682,7
3895,9
7655,7
8919,0
11651,7
57,9
13585,7
13539,8
11547,7
2399,9
8416,7
14443,2
4126,9
8818,9
9286,8
1468,7
5761,9
1416,9
470,7
2358,0
2722,8
13152,7
11786,4
12786,9
12714,2
8813,9
4525,7
4610,2
6624,0
12078,7
6041,7
11569,6
3869,8
8847,6
14388,7
14629,9
12295,0
13381,0
10545,7
11780,6
4674,7
1055,0
2281,6
13560,4
7573,7
8176,7
1924,7
6379,9
4907,7
13555,6
13559,4
1075,7
1115,8
3936,9
3533,7
13172,8
460,2
3032,8
4207,5
13371,0
6398,0
5841,9
12947,8
1452,7
2149,7
319,7
13153,7
7516,9
1922,7
10392,7
13329,7
14625,3
12092,7
7456,8
8742,9
14162,7
2129,6
6403,6
8075,0
6478,6
6300,9
13119,0
10905,6
8842,0
14662,6
2509,6
1052,0
6152,8
1681,7
13325,7
4067,7
5024,0
1456,4
12916,7
361,8
11764,9
14384,7
8986,8
14802,9
3145,7
13461,0
8546,1
505,8
10417,9
9395,5
13366,8
10351,8
14083,8
11980,7
540,5
4235,9
5507,7
12699,7
10924,7
9849,7
13546,4
754,6
8267,7
2003,7
2542,7
6073,9
2918,7
7447,9
5218,2
8406,7
4271,1
5875,1
8908,8
100,7
11614,5
9575,3
6860,6
5362,7
4766,3
7750,9
4880,1
9251,7
601,6
9541,5
13384,0
6182,5
7018,1
14991,8
2431,6
8525,8
1044,8
11595,7
1557,2
5009,8
1487,9
6577,7
10496,9
13797,5
8871,7
2115,8
5795,6
13324,7
7028,4
8019,5
5491,1
10528,1
618,5
9362,8
13285,6
13300,6
14672,8
3396,9
1600,1
10275,8
11839,0
1615,7
1752,1
9861,7
2040,8
2083,7
8982,8
14909,9
6199,7
10740,8
11084,0
11262,0
5147,9
14225,7
675,0
2545,2
4371,7
12475,7
3999,3
14250,9
6014,4
5096,4
175,7
14287,6
2208,1
3609,7
11728,7
12970,1
3787,8
13527,9
12497,9
6458,8
2225,7
3049,1
296,6
1126,4
8413,7
14280,6
10934,7
2441,7
12885,6
13230,7
1322,7
1603,5
4210,7
11659,1
12917,7
9427,9
4065,7
1294,1
5007,8
6069,9
6386,8
14026,4
10615,5
13717,8
4071,7
1507,8
9542,7
1559,3
8903,8
5577,9
13007,9
14507,6
12299,6
7741,3
1836,9
5611,9
14998,8
8344,7
5335,0
1354,9
4141,7
9029,7
13254,9
13235,7
4844,9
4723,6
6260,2
13438,9
3280,1
4032,0
6720,9
1235,7
8457,4
8829,8
10561,2
13370,4
12645,9
2251,9
1025,9
11904,7
10923,5
6649,7
14301,7
8071,9
7017,0
3397,9
313,5
636,7
6149,9
8573,7
13143,7
9570,2
12429,8
6922,8
14177,0
8128,9
2970,6
11413,7
2584,6
8638,7
3885,1
14415,8
13289,4
4771,9
7665,3
10713,2
6697,9
9195,9
13264,8
11243,9
8688,0
11993,4
6058,2
1840,5
13639,7
1564,9
3673,7
8040,7
12985,7
4698,9
14962,7
3320,9
5192,9
2272,4
14095,6
6157,8
4254,8
4773,9
6575,7
10086,7
4709,8
847,7
7578,7
5544,8
5526,2
838,5
5461,9
8565,7
8544,0
14518,7
4597,7
5916,9
1417,9
5785,9
11518,0
3848,3
604,0
9364,8
13180,8
2078,7
9711,7
2311,7
9070,0
4343,6
1471,7
1982,1
8521,8
4466,9
199,8
6676,9
485,7
3270,0
4724,6
5728,2
2823,1
4551,8
9731,9
5336,1
3245,9
4453,7
10216,0
5817,7
8251,5
3749,7
2202,6
8292,8
14771,7
2794,8
10684,5
13314,9
12944,8
524,6
10498,9
13880,9
947,3
12425,9
8814,9
11861,7
1280,4
9233,1
122,9
4366,7
5885,5
7066,9
7914,8
2302,7
13540,8
11245,4
9413,7
5820,7
10310,5
1005,7
3460,7
6959,7
11206,7
14326,9
3055,7
3566,8
14735,6
2132,1
501,9
13280,0
3185,8
6153,8
9084,2
229,5
8880,7
4001,3
7840,8
13708,7
10499,9
9201,9
3007,2
12290,4
4587,5
4221,7
4305,2
9697,2
11929,0
2750,2
8991,0
7834,8
4376,7
2944,9
7672,9
7268,7
2718,8
3362,9
11907,7
11044,9
5824,7
8788,7
14612,7
5230,9
10949,3
6746,2
4161,9
12781,7
11523,6
6878,5
8607,9
12329,7
5322,9
5561,0
12448,6
8398,7
13173,8
13286,6
11047,9
10638,2
4867,9
8741,9
1017,7
7946,7
10319,7
9626,5
1928,7
350,9
6703,0
12106,2
223,0
6030,5
14019,6
13024,8
11250,0
9173,7
2500,4
8642,7
9648,2
564,2
1582,8
5545,8
2175,9
9923,0
9157,1
14969,7
3933,9
11943,2
2707,9
14813,6
9694,1
5211,7
14584,6
9209,8
11925,7
3535,7
8563,7
9661,9
2397,3
6657,7
3739,7
12961,6
821,9
2063,8
12924,2
10119,9
81,9
5419,5
9887,9
13896,8
13005,3
2697,7
831,6
4574,0
3826,7
5924,8
14553,9
1397,7
13282,0
2833,5
9920,2
13947,7
14299,7
9004,1
13266,8
7191,7
48,8
13092,9
10946,3
9432,9
6512,7
13203,0
7333,4
12408,7
6357,7
4095,8
2689,7
1189,8
10826,0
4845,9
5210,7
3990,7
2373,7
11038,3
5676,7
13236,7
2758,7
9935,7
6607,9
9746,8
9638,7
2488,8
2579,0
8798,7
12132,8
3880,6
9906,9
11895,7
10022,7
4934,8
13770,7
8142,8
2209,1
5235,8
3945,8
11816,4
9693,1
2164,2
2886,0
14961,7
10819,9
14905,9
516,9
14722,8
12021,7
5666,7
172,7
639,2
12176,7
8934,9
14907,9
13917,6
5065,2
1143,5
10768,5
13126,5
12552,7
13884,5
1832,5
9720,7
8861,5
3686,7
6227,9
5700,8
11345,0
13574,7
4537,3
3515,4
12366,4
834,1
2486,8
11184,1
8538,0
9243,7
13399,8
13228,7
9315,4
5467,8
4915,3
65,0
8034,7
7507,7
10182,2
2024,9
1872,9
354,8
5360,7
1767,7
12388,5
9393,5
6405,1
4762,2
1164,7
12137,4
8736,3
3395,9
8284,9
14995,8
4568,0
9307,1
3127,1
7228,8
6946,1
309,8
7201,7
13194,6
14084,8
10628,7
9125,9
4354,2
8696,0
9943,7
8203,9
3587,7
13416,7
2583,6
11430,8
2770,7
4812,9
10781,7
10827,6
5087,8
324,7
5171,9
5648,1
6743,7
3209,8
9883,9
3905,7
12360,8
1292,1
5638,0
14432,6
8498,7
8898,9
2379,7
11452,4
10890,8
3634,8
4169,8
8686,4
6658,7
12750,0
14714,9
3428,0
4421,6
1101,9
8791,7
7897,9
14306,7
3250,9
4409,9
4140,7
3557,8
709,7
118,9
2022,9
4598,7
7284,3
6130,7
7293,9
6952,4
12996,7
2374,7
14448,5
10746,0
9353,9
5227,9
10643,9
6606,9
4681,7
8159,6
8374,8
5003,9
13147,7
8051,9
8157,6
4273,1
5739,7
12598,0
13788,4
13738,4
5470,8
5816,7
1158,7
10952,9
10491,9
87,7
7699,6
3382,7
9927,8
10727,9
403,7
14599,5
3350,6
13447,8
7589,3
13792,2
6378,9
2241,2
10675,6
6552,6
14889,7
9835,0
6310,8
1027,9
14554,9
3803,0
5517,7
2436,1
4689,3
12728,9
5298,3
1278,9
8361,9
6856,0
2042,9
9677,9
6654,7
6074,9
5157,9
1425,8
5027,6
5281,7
10807,8
1502,8
14610,7
12844,7
12274,9
9674,8
12867,8
6064,3
678,6
6673,3
5851,8
7194,7
10413,3
5265,5
9314,9
8455,9
13740,4
5053,7
5215,7
1850,7
6522,9
1070,9
7931,1
6784,6
10443,0
2480,9
12460,2
3392,3
1099,3
5484,0
9102,7
11605,4
418,9
9468,9
5819,7
7887,7
1947,9
8449,8
3336,8
2299,7
9161,8
9164,5
14668,1
208,8
8287,9
3682,7
13858,7
8221,8
14571,8
528,0
5329,0
779,7
722,9
12263,3
13661,4
7313,0
1860,2
12719,3
14340,8
12701,7
13614,4
1992,5
2332,9
9740,9
6339,4
9912,0
8511,9
6117,7
3459,7
7612,8
6567,4
11267,6
8296,8
11765,4
11390,6
5492,1
8665,9
4518,7
10990,1
8196,2
5138,7
6755,9
11194,7
12489,3
257,7
12128,8
11306,3
14414,8
11960,6
6931,0
13761,7
13244,7
3625,9
702,7
3189,9
503,9
11783,4
13231,7
5441,7
2556,9
848,7
2248,9
5616,9
8720,7
372,6
13288,0
5317,8
10623,7
5487,6
5303,9
4052,5
3937,8
6252,0
14839,7
8097,5
12226,3
10723,9
4076,3
997,5
4332,9
9971,8
1176,3
14530,7
551,7
4840,3
14484,9
4372,7
3497,0
10162,7
7711,8
7484,9
1407,3
12657,8
12603,6
5176,0
5829,7
6062,3
13333,7
9960,9
6775,9
3588,2
11463,5
11334,9
693,5
2533,7
5011,8
3443,7
982,6
12265,9
5943,0
14130,7
4222,7
91,7
5652,8
2266,8
10722,9
8028,7
9511,8
9572,3
261,3
13921,4
3337,8
5497,7
9858,7
4016,8
3626,9
9285,8
445,0
6752,9
5111,1
5965,7
3555,9
2194,9
8099,7
7338,7
12815,1
3367,7
11897,7
2867,9
2526,7
9955,3
12964,6
8290,8
13038,6
1168,7
4144,7
5149,9
84,5
3149,7
12627,7
880,9
6747,3
9282,8
6535,8
14332,9
9055,8
1467,7
11876,9
5641,6
6537,8
9417,2
452,0
4326,8
4044,1
11574,4
4137,7
3039,0
9728,3
13273,8
8412,7
5825,7
7793,7
579,9
5236,8
6571,7
14536,7
7174,1
7467,0
14126,7
8972,9
11025,7
5587,7
11776,7
2467,7
4157,9
6349,7
9459,5
413,3
402,7
4428,5
2084,7
3057,8
13135,7
13570,7
7060,9
164,7
11746,7
10043,9
13390,1
4302,7
10635,7
11178,0
3317,9
12005,7
8840,0
3934,9
6851,9
1847,7
11810,0
1334,9
11497,7
13227,7
10295,6
9415,2
753,6
3064,7
13580,7
6997,8
7536,8
9249,7
706,7
3491,9
9574,3
13562,4
4573,6
13779,6
7054,3
5580,5
7572,7
6840,8
3151,7
14580,0
6523,9
14038,7
3799,0
4022,8
8870,7
1074,5
14179,0
12189,9
3438,9
13086,9
13415,7
10000,4
2429,0
246,7
3815,7
8382,0
3632,8
14050,0
2262,8
2246,3
835,1
5064,2
6202,7
432,8
9921,2
1173,2
8373,8
6437,7
11697,4
4656,5
8653,7
5289,7
3757,7
12248,7
11642,5
250,7
14034,5
14678,7
7334,5
13513,7
7949,7
8015,2
13831,7
3407,8
2729,9
14852,3
8947,7
433,8
9904,8
7422,7
7592,9
11325,8
13643,4
10540,5
14572,8
11089,6
12347,9
11917,7
5629,8
4002,3
9210,8
4753,7
1332,9
9853,4
8098,5
4196,1
1443,6
3681,7
11879,0
4310,9
7448,9
4899,7
8271,7
3985,7
10676,6
13869,0
13258,9
12779,7
2569,8
10711,7
4277,2
3666,9
9231,1
14856,9
2446,5
6821,2
11711,4
6520,3
5802,5
3657,1
11484,5
12087,7
3172,9
1223,8
7272,7
3639,8
4166,9
544,7
1204,0
12413,3
14654,0
13666,5
7242,6
2637,9
14524,5
8209,9
14543,7
12243,7
6758,9
13079,2
11158,9
877,9
12148,5
196,9
14618,7
3383,7
4379,7
10325,7
11770,7
2997,7
3908,7
2571,8
1755,1
6496,7
13734,6
14063,5
14365,7
5721,1
6443,3
14143,6
4969,7
6964,7
6814,7
6479,6
4711,8
4163,9
12522,0
8375,8
11236,8
12390,5
2682,7
9147,0
2508,6
8072,9
1510,9
4314,9
12620,7
8482,5
5356,7
6639,5
5972,7
1244,7
3734,1
8862,5
13506,7
4121,1
12794,8
4995,9
10843,4
8317,1
1876,9
8957,7
5262,1
254,7
10117,9
4511,5
9265,3
5159,8
12364,9
12471,7
759,7
5481,0
654,9
5297,3
9385,1
5812,7
5288,7
2892,6
3401,9
7626,0
5636,0
1420,8
3044,6
2830,4
10134,9
328,7
11354,7
253,7
13530,9
7318,6
6159,8
5323,9
8664,9
9782,7
4377,7
6022,6
5092,8
12623,7
5377,9
3019,9
3029,8
12952,9
2636,9
13176,8
9531,6
1131,0
3018,9
2945,9
3659,1
10588,8
11070,0
12136,9
14032,9
2663,6
13735,6
5378,9
8358,9
1362,0
7180,9
13063,7
5533,9
3481,8
14450,7
6255,1
14837,7
8746,9
12707,7
5112,5
5940,0
7978,9
9334,7
10143,6
2880,8
5839,9
3381,7
12549,7
1302,4
14211,7
7442,9
4957,1
4836,2
14494,8
8703,7
9554,7
5720,1
8139,8
9617,4
942,2
12615,4
3235,2
14828,5
3257,8
11321,8
11076,6
176,7
435,8
12486,2
7049,7
308,2
1565,9
3964,1
6727,7
2135,1
9059,8
13848,7
9226,6
10327,7
4977,7
8663,9
12255,7
595,0
7393,0
2276,0
7072,8
6830,9
4625,9
9244,7
5332,6
11050,9
5351,7
12462,9
2623,2
9627,7
4572,6
11341,6
13730,0
231,7
179,7
7879,7
737,8
14421,9
11887,6
13750,7
3865,8
5865,0
10957,9
6057,7
10942,7
11532,4
109,3
5705,8
8480,5
1321,7
5935,9
1995,7
6495,7
755,6
8218,8
14072,7
5137,7
10203,8
800,9
11320,9
2086,7
5501,4
6200,7
9548,5
69,6
5367,7
9635,7
13040,6
13322,7
5682,3
9030,7
11187,2
10148,1
5170,9
1680,5
10650,9
377,2
1469,7
9713,7
5961,5
2603,7
4181,9
11419,6
7868,5
8826,8
11620,7
14193,7
4505,7
11533,7
7048,7
4230,3
9023,7
13602,0
3091,9
2726,8
477,7
1329,3
2283,1
3732,0
14470,2
9675,9
5873,1
5557,0
751,0
14116,7
2300,7
12616,5
873,9
6620,9
8447,8
5127,7
9809,9
13358,8
4564,4
1545,7
739,8
14370,5
2683,7
11474,6
12213,4
11055,8
5121,7
6984,9
6795,2
9965,9
7608,8
3518,5
14754,7
2354,6
12655,9
13988,0
773,7
9381,1
13521,9
5200,7
13684,6
641,3
10078,2
8913,9
8726,7
3203,1
7288,9
4309,3
5204,7
6249,6
865,7
5516,7
9616,0
14350,0
14796,8
6923,8
14830,7
10363,9
9414,7
10080,9
962,8
10920,4
11098,4
10095,7
14573,8
10476,7
13138,7
3309,7
2166,2
363,9
14709,9
3723,0
2825,5
5133,7
7670,9
3597,7
4726,0
546,7
2940,9
471,7
1641,9
12093,7
3338,8
8215,8
1172,2
6983,9
12543,7
5273,5
6672,3
6085,8
10597,0
8011,1
12883,0
9162,9
3364,5
8161,1
14985,9
6724,5
12826,5
1410,9
12935,9
9578,9
6666,7
10519,0
11129,2
2694,7
815,8
6500,7
6762,8
10762,7
7322,0
2131,1
1797,9
10624,7
7727,7
4575,1
5190,2
3122,6
7540,4
5853,8
5365,7
13398,2
4275,5
13890,7
3089,9
11957,7
12709,7
14974,2
9608,6
5253,0
237,5
1532,4
14136,7
8401,9
3410,8
2831,5
13671,4
7779,1
1535,5
13763,7
3879,0
7435,3
5302,9
12694,5
12487,2
12431,8
1299,2
6739,7
6273,7
5499,8
11691,8
12308,2
14476,9
6934,0
8180,7
14073,7
12001,7
1480,2
2793,9
1601,1
14673,9
5091,8
7983,8
7067,9
6804,7
2329,9
11059,8
8336,7
9246,7
10780,7
3661,1
11940,4
14790,9
555,7
4825,7
1163,7
5680,3
14112,7
4715,9
397,7
11630,4
2506,6
13201,1
3836,7
9859,7
9192,3
3010,3
12526,6
723,9
300,0
12589,8
13008,9
7328,5
4294,7
14833,7
4185,0
13487,7
6954,5
8268,7
14749,9
3142,7
9938,7
13478,6
14292,9
3205,1
4955,1
4582,2
14368,9
7367,9
14355,6
10989,1
14690,7
13044,1
7433,2
7704,1
12278,8
1152,7
14422,9
6965,7
1212,6
4503,1
7055,3
8140,8
12296,6
14881,7
5894,7
13786,4
12698,7
10753,6
5427,5
9443,8
10933,7
665,8
13532,8
7216,9
5994,9
642,3
13873,1
3767,2
4272,1
12783,9
14506,0
6123,7
8330,7
786,7
2857,3
6112,5
10611,8
3202,1
9436,8
13978,5
13516,2
7600,9
4187,0
7853,6
13255,9
12758,7
4824,7
10157,4
6067,9
2905,9
4626,8
9634,7
996,5
7131,3
13349,9
14512,1
7246,0
10701,7
6408,1
7787,8
6250,6
9750,8
8055,9
14295,5
5523,7
10299,1
7505,7
6275,7
12224,2
156,8
9886,9
3085,3
10424,9
1552,7
8773,1
9718,7
495,9
2321,3
912,7
9043,9
151,5
11896,7
10460,9
10242,7
1738,9
3001,7
11462,5
6961,7
13522,9
2883,9
3720,9
7127,7
888,8
5471,8
3201,1
9975,8
4823,7
4704,8
343,9
4136,7
13582,7
3188,9
4522,7
2223,7
2121,0
6858,0
10384,9
9668,8
10100,7
10619,7
7366,9
12205,8
4734,2
1465,7
4593,7
3565,8
5840,9
283,8
13908,4
6175,6
10289,0
4151,2
14500,9
8997,6
7376,8
8541,6
14786,9
8763,0
3161,3
2630,9
11849,8
13127,7
13425,2
1203,4
13677,7
10164,7
616,5
3114,4
12124,8
7481,7
9329,7
2728,9
13292,4
12341,9
9894,8
1357,4
9566,7
7798,7
13547,0
13411,7
1590,0
14579,0
3140,7
5338,1
547,7
7118,7
11590,7
13882,5
26,7
1067,7
3918,7
6604,9
5529,3
6678,9
5398,8
8641,7
8081,6
10311,5
14214,7
437,8
13658,6
5269,9
1861,2
10441,0
12641,3
2706,9
12670,4
5325,4
6957,7
11526,0
13759,7
8852,1
9124,9
4011,9
13424,2
534,5
11265,6
585,8
10612,9
11933,6
10138,0
11429,2
8727,7
6464,8
11740,7
13976,4
1916,5
13242,7
8107,7
14253,9
1910,2
8855,7
8709,5
1133,6
9758,0
10752,6
1317,7
4368,7
8313,6
11455,5
10680,1
7325,1
6080,8
8944,7
2601,5
6568,5
2173,9
3605,7
6429,7
7995,9
3768,2
5077,9
8274,2
4631,8
14811,6
240,7
10639,3
8420,7
7602,8
8568,7
1867,9
8805,7
14870,8
2521,9
9875,7
1820,0
2410,8
8243,1
6637,1
5187,1
11716,7
4565,0
7942,5
12331,7
6391,9
2118,9
3779,9
4961,7
2809,0
498,9
13844,4
10021,7
4284,7
10190,9
8968,9
228,3
8760,9
12204,8
2741,0
9507,9
6001,8
5718,6
10219,6
5583,7
12635,7
12720,3
9063,9
1128,0
12584,8
1706,7
7450,8
3153,7
9481,7
10670,0
14413,8
6240,9
7104,9
9463,5
2721,8
7445,9
7893,3
14461,7
12179,7
8042,2
9143,0
9401,7
13462,6
10212,4
10341,9
10850,7
11316,9
6054,7
12284,8
12352,8
2550,3
7440,9
6768,8
9707,7
13298,0
6449,9
10358,8
14583,6
2644,8
13112,0
4487,9
2061,7
4645,0
14081,8
12958,0
14501,4
13498,7
7265,7
4174,8
12484,7
8940,7
11942,7
983,6
10170,7
5480,0
11743,7
4797,0
14896,2
3662,5
14977,3
6947,5
4657,7
6414,9
3150,7
9399,7
8911,9
4813,4
5969,7
2939,9
1340,9
1391,7
9672,8
12911,7
9254,7
10885,8
11007,5
9024,7
6146,9
1412,9
2256,9
11079,4
10730,8
6120,7
2212,5
5603,2
6004,8
5417,1
4938,8
3624,9
3158,2
4267,6
463,4
1754,1
9222,0
9022,7
6380,8
3829,7
378,2
10005,4
1335,9
14537,7
2716,9
13310,5
10280,8
14758,7
9703,5
6322,0
9224,6
9800,2
1894,0
4661,4
14171,6
7769,0
7090,6
6221,9
9772,7
10027,7
7037,7
8612,0
8683,9
8701,1
8645,7
13261,9
12715,2
3992,7
6691,8
1030,9
2220,5
14691,7
13800,7
3793,8
10932,7
11616,5
4327,8
12812,6
8302,9
14232,7
14404,9
5731,4
2917,7
5586,7
12009,7
6326,6
1515,0
14182,2
13597,0
13421,7
2263,8
4479,8
4239,9
12737,8
12578,9
893,8
1490,9
12006,7
9656,9
8516,9
2933,3
13783,0
1129,0
731,9
3084,2
7297,9
4588,5
2795,8
7601,9
798,9
6232,8
734,8
8687,0
2244,3
178,7
1174,3
790,2
12025,7
198,9
11715,7
7675,9
548,7
3339,9
9212,8
7465,0
8698,1
13607,4
13502,7
7533,8
66,6
4712,8
5214,7
11994,4
5033,1
10166,7
2572,8
10240,7
12275,9
622,7
6222,9
787,7
3332,8
14440,5
6008,8
10558,7
8334,7
13122,1
13459,0
8695,6
515,9
478,7
4476,8
12276,8
8817,9
6899,2
1033,9
11255,0
2598,9
1514,0
6191,7
10863,7
7237,0
5753,7
10149,1
12896,7
8236,6
8536,0
5521,7
1462,7
7915,8
1871,9
12207,8
7209,3
10071,5
7349,7
4623,9
9460,5
4818,7
220,6
12472,7
9001,1
2476,9
4248,8
11440,7
13736,6
12563,2
6487,7
9419,3
9716,7
5650,7
13647,7
11836,6
8052,9
13782,6
2881,8
1677,1
6060,2
901,0
11423,4
14291,8
2296,5
14304,7
8488,7
9003,1
8883,2
12622,7
11071,0
6772,8
11843,4
7257,4
2580,0
7966,2
14229,7
11115,7
14789,9
10880,9
9350,9
5254,6
681,7
13972,7
3159,2
10868,2
2987,7
4908,7
1882,8
8679,8
1940,3
3296,7
3534,7
5974,7
3729,6
490,3
5708,9
1181,9
1375,7
5014,8
626,7
4758,7
10335,3
11448,0
12804,0
4180,9
13484,4
8777,1
2887,0
4539,9
10690,5
6671,3
6453,9
1366,6
2639,9
14203,0
5602,2
13557,4
5730,9
7204,2
5296,3
10912,1
2938,9
10236,5
12987,7
5979,7
4534,2
10118,9
7669,9
7607,8
12011,7
12346,9
12424,9
14713,9
6681,9
5428,7
5266,7
10542,7
14711,9
1784,2
7116,7
494,9
9075,6
9735,9
2038,8
4041,1
2897,1
8558,5
11020,7
9843,2
9950,7
2653,9
10315,7
8514,9
2031,8
5089,8
813,8
7235,9
6280,7
13806,7
1079,7
2226,7
11679,7
13711,7
12894,1
3261,8
5649,5
3862,8
2936,9
11233,8
7080,9
3917,7
12195,9
305,1
4056,7
14272,0
2999,7
10057,9
1231,7
2313,7
11772,7
13334,7
12789,8
4321,8
14874,5
6470,4
14892,7
7500,7
12642,3
3899,5
3567,9
5452,3
8022,7
12969,1
13218,5
4270,1
8531,9
4086,9
6663,7
13402,5
588,8
3365,5
2670,1
5515,7
14922,8
12899,9
2395,3
5506,7
2170,3
14071,7
8134,9
13744,7
14103,4
9044,9
12499,9
5673,7
2774,7
7620,0
6559,1
9338,2
8456,9
9644,7
14047,6
5798,1
5982,2
5882,9
13276,9
9261,7
2181,9
12662,8
1473,7
6103,1
11676,7
9149,6
9549,5
421,9
2306,7
12801,9
171,7
3956,0
5606,3
13864,0
8462,0
1725,9
10214,0
14030,2
11647,7
904,6
3494,4
8346,7
9727,3
7797,7
7396,6
12512,8
2080,7
7928,6
11257,4
7933,1
9855,5
10649,9
7211,9
4677,7
6533,8
5209,7
2646,8
11449,4
10944,2
9878,2
11327,8
10549,7
6365,3
13006,3
2155,7
14792,8
7370,9
14787,9
7837,8
3715,8
8111,7
10939,7
12426,9
3622,9
4516,7
7354,7
8750,8
1436,0
507,8
5275,7
5663,7
5402,4
5930,8
2339,8
9869,7
4386,3
14740,2
7680,8
11525,6
8693,6
643,3
1539,7
1211,6
11026,7
14773,2
8864,7
6106,5
5615,9
13188,0
1464,7
1192,8
3590,9
9696,7
6360,7
8697,1
12186,3
6719,8
506,8
11085,0
9248,7
9305,1
9613,2
1773,7
272,9
12229,5
3618,3
2381,7
7008,0
13115,6
4633,8
8504,2
746,4
7707,1
3569,9
12785,9
8557,5
6448,9
5599,7
10976,0
10765,9
8572,7
10565,3
1912,9
14352,0
599,0
3892,7
5540,9
1652,8
8106,7
1893,0
14129,7
6502,7
4362,7
14657,0
375,6
1966,9
3957,6
13169,9
5696,8
1243,7
12372,6
12074,6
11495,7
941,7
10346,9
3346,0
2657,0
14667,1
9778,5
5326,0
9804,3
6578,7
2799,8
4306,3
10841,8
11524,6
7244,6
298,6
12228,3
3823,7
9933,7
7977,9
2035,8
4039,1
9806,9
12209,8
1499,8
3512,2
14879,7
8844,6
8362,9
6828,9
7130,2
11021,7
9191,3
4085,9
242,7
12745,9
1644,9
7371,9
9455,6
5594,7
11235,8
11612,9
5231,9
2076,7
4103,9
7493,7
5968,7
12524,6
11831,7
3966,1
10381,7
14682,7
14361,5
6754,9
9947,7
13189,0
12465,5
4078,3
7754,8
8832,8
2778,2
4603,7
4932,8
1985,7
3861,8
7774,6
325,7
14074,9
6394,4
14860,9
4054,7
2237,7
5229,9
4571,6
8976,8
7454,8
1268,8
864,7
4942,9
2253,9
6010,8
6911,9
9814,9
6998,8
371,0
10731,8
7940,9
609,1
4651,1
12540,5
8872,7
13453,9
14473,3
13618,7
2364,5
7766,9
7148,8
3789,8
10936,7
5581,5
9238,9
5060,7
14708,9
13199,1
8671,9
662,8
10705,7
10171,7
2776,2
4535,3
7189,7
14597,9
5573,5
6135,2
4427,1
5247,9
10391,7
3981,7
7825,9
2669,1
3977,7
279,8
13583,7
8718,7
7452,8
5197,7
13376,6
13974,8
4155,3
10122,8
4883,1
5807,4
3809,1
8713,7
9234,5
4683,7
10620,7
12617,5
10718,3
5593,7
10806,9
6897,7
4563,9
8376,8
10261,3
10697,7
1269,8
2350,0
8745,9
1384,7
9378,6
9036,2
5856,8
297,6
8635,7
13196,0
11598,6
9834,0
2077,7
9376,6
11959,6
2229,7
2842,7
2537,7
194,9
12428,8
7362,3
6636,1
7498,7
12547,7
4042,1
6553,6
5505,7
6854,0
6761,9
5300,9
13458,0
320,7
7135,9
1371,1
14724,8
2654,4
9099,7
10472,7
3398,9
8532,9
9592,8
11263,0
10567,9
12614,9
926,7
244,7
7469,0
8207,9
143,6
5983,2
8151,0
2363,1
14717,8
129,8
1161,7
10397,7
14692,7
5953,1
287,9
9379,6
5308,9
8681,8
1170,7
13124,1
11056,8
6792,1
10974,9
1859,7
10689,4
10186,3
6781,0
14600,5
10184,3
3121,6
8579,2
1311,7
1032,9
8339,7
14249,9
6382,8
7910,8
931,7
691,4
14460,7
6364,2
1909,7
9021,7
13374,0
14175,0
44,9
3939,8
12387,4
7108,5
9240,5
4319,9
2965,0
3969,7
13439,9
13474,0
12908,7
7478,1
6308,8
4159,9
3092,9
11705,6
7954,7
5555,9
3982,7
10092,7
6940,0
1404,2
3195,0
9445,9
10264,9
9745,8
969,8
12158,4
6543,9
9117,9
2843,7
2851,7
12343,9
13857,7
5956,2
10608,5
11955,7
4471,9
13689,1
12030,2
1789,3
12401,7
2059,1
7143,9
13809,6
1902,0
4686,2
11985,7
8090,5
4922,9
6785,6
13340,2
75,6
2345,9
6447,9
8430,3
8622,1
4586,5
14439,3
14606,7
9340,2
12214,0
1553,7
5874,1
8432,9
8975,9
12467,7
14633,9
9169,7
11203,7
5695,8
2941,9
9974,8
10009,7
7381,8
14873,4
1620,7
14986,9
7905,9
12594,4
12150,5
6782,6
12245,7
14651,9
10032,3
1609,4
3096,9
2415,8
10502,8
2017,3
2971,0
14702,3
3246,9
124,8
1106,9
1814,9
11686,8
13741,4
8790,7
2123,0
14087,9
10484,2
10714,2
8970,9
14499,9
2197,0
4051,5
1216,0
7701,6
725,9
9170,7
808,8
13937,7
10437,9
4906,7
10452,1
13556,0
3962,1
13287,6
2671,5
9529,0
1764,5
10710,7
607,1
12930,9
14298,7
3217,7
5737,7
8479,4
2053,6
3164,3
13055,5
13816,4
13338,2
1657,8
8069,8
8644,7
2710,9
13747,7
7549,6
4266,6
6715,1
422,9
5316,8
8849,1
2845,7
4066,7
14495,8
5244,8
1001,7
4198,1
2418,8
13794,9
3575,0
6726,7
3847,3
961,8
9620,2
10438,9
14883,7
757,7
5313,8
2284,1
9387,5
4827,7
13278,4
807,9
3907,7
7023,5
1956,8
9343,3
11775,7
12216,0
2402,9
10771,7
1073,5
6524,9
12753,6
14990,8
8095,4
12691,4
12572,9
11201,7
11965,0
1003,7
7658,7
13652,7
7566,7
13850,8
5368,7
12101,7
6289,3
9969,9
13207,6
9546,4
985,1
10761,5
6169,0
11468,7
7384,8
10432,8
13701,5
9725,2
14052,4
2462,7
268,9
7962,7
3580,0
71,6
13975,9
11539,7
2821,1
13457,0
589,8
10466,7
9870,7
13543,9
11635,4
13634,4
3758,7
6845,8
2028,9
8869,7
10764,8
5454,9
12738,8
11668,8
12474,7
13983,7
2432,6
4647,6
8469,1
9664,8
896,9
12332,7
1587,4
6686,8
1719,9
6100,0
3806,6
8806,2
11500,7
3961,0
10010,7
7036,7
12687,7
890,8
13517,3
4006,9
4939,8
11868,8
9712,7
5898,7
11270,4
11961,6
14400,9
584,8
3932,9
1260,9
10455,1
310,9
1716,9
6009,8
2052,6
10409,2
4668,7
4298,7
6646,5
3783,9
1008,7
7347,7
12502,9
14548,3
8383,0
10115,9
4059,7
8721,7
90,7
1987,8
10830,6
13142,7
7279,7
12032,3
14144,6
13016,9
14238,7
13178,8
13660,4
2925,7
9980,8
8185,7
5884,5
2341,8
11351,4
10648,9
627,7
10064,0
7545,0
9737,9
4765,3
14407,9
12656,8
128,8
11967,0
11326,8
4182,4
7299,8
6995,8
2398,3
13430,3
1186,9
10511,8
14574,9
5314,8
9220,0
4247,8
14328,9
9107,7
1096,2
6653,7
1273,8
5698,8
9590,8
8728,7
6797,9
6615,8
3358,5
7755,8
183,2
11845,4
13902,8
6513,7
4567,0
6603,9
12433,8
1961,8
4992,3
4891,5
8039,7
5869,6
14226,7
6226,9
11264,6
10609,7
1251,3
3176,8
3359,7
10304,5
9623,4
11599,6
13492,5
7411,5
7538,9
1051,0
9221,0
8464,6
4763,3
14824,8
1874,9
9278,9
7282,2
9008,2
14679,7
4322,8
9448,0
5831,2
12156,8
10097,7
10365,0
13144,7
11658,0
4485,9
8615,0
3924,3
14218,7
9562,7
11064,9
7850,6
12108,3
3113,9
3303,7
9536,1
1690,7
12663,8
5048,7
14233,7
3308,7
1504,8
1806,8
3871,9
9966,9
3791,8
14284,6
11591,7
10434,8
1717,9
2696,7
1848,7
4512,5
11469,7
6622,4
3435,7
14152,5
142,0
10501,9
6992,9
10111,9
9877,2
1117,8
1756,5
497,9
6751,9
870,3
3357,1
9104,7
7678,8
721,9
886,8
14403,9
10987,1
12450,6
8347,7
8102,7
13041,6
10228,5
314,5
14435,2
11317,9
4204,4
5850,8
6129,7
5447,2
3129,1
1996,7
11557,7
3968,5
11840,4
336,2
11841,4
12553,7
10383,8
2985,5
4620,9
6531,9
9856,5
3558,8
13674,5
3416,9
307,7
14891,7
11369,7
348,9
5918,9
13179,8
7243,6
14258,8
4482,8
9421,3
8263,7
10090,7
6855,0
12190,9
10717,3
12210,9
10069,6
1666,0
7579,7
5570,1
52,8
9964,9
6263,4
1445,1
9842,5
11592,7
1695,7
1574,8
13609,5
4405,8
1630,7
12606,1
1881,8
5074,9
5509,7
13239,7
10151,1
9040,3
10645,9
13486,5
186,3
5558,0
7185,7
13872,1
11508,8
6587,7
1234,7
14728,9
3915,7
446,0
844,5
5201,7
13191,0
11553,7
2440,5
3103,8
7692,4
4774,9
6974,7
6094,0
9486,7
2153,7
5518,7
12007,7
5067,3
12653,9
11545,7
12485,7
776,7
8417,7
13943,7
6324,6
4920,9
14122,7
9182,7
14247,9
10570,9
3136,5
12626,7
5462,9
3183,8
12446,0
7522,9
11899,7
3199,6
11340,0
1289,6
14275,0
14318,2
11147,8
7542,0
1879,8
12733,8
13743,4
5457,9
2148,7
4131,7
1036,8
8828,8
14294,5
4134,7
649,9
9275,9
6711,1
861,7
9095,7
191,9
8301,9
6026,1
1942,3
4331,8
13283,0
8775,1
7972,9
13070,7
11210,7
11113,7
2775,7
4145,7
12905,7
2617,7
2411,8
1094,2
6065,9
1546,7
4589,7
6034,9
10153,7
6953,5
3135,4
3856,9
13830,7
6419,7
3805,6
13073,7
9918,0
7431,7
6774,9
13175,8
464,5
1257,9
2259,8
5630,9
14531,7
6231,8
7382,8
10581,8
12369,0
1262,9
13505,7
7212,9
975,0
10721,9
5866,0
9133,8
6582,7
2387,7
14591,3
5021,0
7129,2
12527,6
3882,6
6055,7
13632,4
10669,0
3875,0
2789,9
9136,8
13330,7
1857,7
13004,3
4108,0
5213,7
8281,9
3255,8
7323,1
2690,7
7389,0
4627,8
11164,0
1319,7
11308,3
14821,5
5162,8
10871,3
10359,8
1135,6
4529,7
3505,1
4749,7
7086,0
9946,7
14803,9
6336,2
10938,7
6982,9
12765,8
2505,0
2904,8
570,9
1448,1
3414,8
12079,2
11790,7
9290,8
11914,7
6837,9
3226,7
14615,7
4383,3
9229,1
7845,0
3539,2
10585,8
13444,8
2827,2
5780,8
4996,9
1338,9
3262,8
7876,7
14231,7
6838,9
5741,7
650,9
6039,7
2258,8
5395,8
13100,8
7082,9
13553,6
3521,7
11258,4
4478,8
5660,7
13053,9
67,6
14062,4
11875,9
7609,8
1258,9
11962,6
14003,8
991,7
3504,0
8305,0
919,4
165,7
9876,2
12811,6
9141,9
4594,7
12147,0
2850,7
10894,8
14967,7
12169,7
4460,3
11173,0
6623,0
9306,1
12573,9
8490,7
9867,7
2735,0
5669,7
4988,2
13501,7
2378,7
10401,7
4172,8
8092,2
11984,7
2103,9
3759,7
11678,7
1837,4
12029,2
12451,6
12227,3
5710,0
8799,7
4500,1
1093,7
10393,7
6718,2
11971,2
8960,2
160,5
203,8
6483,1
3940,8
14784,9
4933,8
7647,7
1230,7
9166,5
3046,6
7957,7
2915,7
13849,2
4251,8
6111,4
6204,7
2725,8
4290,7
4334,9
383,7
7485,4
4886,2
857,7
370,0
6539,8
2561,9
3801,0
5455,9
13697,2
12314,5
6859,6
12416,3
13017,9
14405,9
5944,6
615,4
2575,9
53,8
11976,5
3340,9
11624,0
9897,8
13596,7
10098,7
10051,8
13805,7
5876,1
10550,7
8995,0
1812,8
990,5
10388,5
12576,9
8411,7
2942,9
9480,7
3163,3
4678,7
2618,7
3612,7
8235,6
7871,7
11981,7
3792,8
9695,5
10129,8
3439,4
1892,4
14462,7
13997,4
5255,6
5167,8
6460,8
1505,8
10354,8
670,4
9471,5
11365,7
897,9
3306,7
8026,7
6239,9
2890,0
6003,8
7739,3
11416,6
10848,7
8397,5
2,7
9961,9
12749,0
6079,8
531,3
12931,9
8181,7
13724,9
6476,6
13383,0
12708,7
8923,6
3406,8
5991,9
6328,0
10373,6
2565,8
2581,0
12235,4
8385,0
2607,7
10483,7
14215,7
9447,4
2104,9
13952,7
10679,1
13729,0
4994,3
11202,7
5057,7
658,8
4434,5
14248,9
3816,2
6773,9
13111,0
9813,9
14147,4
7260,5
3904,7
10692,5
13357,8
9288,8
6811,7
10788,7
9359,8
3700,9
11434,5
1788,3
13960,6
6314,8
3645,9
1776,7
192,9
9012,5
10260,3
12900,4
14351,0
5388,8
10306,2
4951,6
2687,7
4390,9
4927,9
5552,8
11689,8
238,5
13907,9
10256,2
6901,3
10950,9
14863,9
9137,8
12384,2
8640,7
5097,0
10825,0
11172,0
10334,2
3552,9
14954,7
3360,2
8328,5
5628,8
7751,9
5783,9
4507,8
12675,0
146,6
12013,7
2294,5
7178,2
9928,9
14305,7
10763,2
14222,7
12442,4
8690,0
7081,9
4733,7
8912,9
4384,3
10272,9
13758,7
11572,0
4545,9
596,0
13641,8
10537,4
5164,8
13720,8
1647,9
6815,7
2700,2
1700,7
2773,7
6968,7
8143,8
6219,9
86,7
14643,8
12251,7
13131,4
2594,5
1029,9
136,9
6972,7
11195,7
7024,7
2854,2
1200,9
6121,7
9763,6
8758,8
12820,7
6296,9
3927,9
10105,2
13247,2
8468,1
3606,7
13377,6
2330,9
2187,8
195,9
5059,7
802,9
2668,1
241,7
2068,5
10313,7
13128,2
644,3
9116,3
5103,6
1637,3
7552,1
8312,6
3074,7
9014,5
7296,9
3278,1
8003,6
4970,7
14120,7
8326,4
6915,9
10467,7
7829,9
62,0
11852,5
11906,7
13954,7
10951,9
10842,9
679,6
2041,9
8933,8
5307,9
13182,8
3641,8
12371,0
12659,8
3258,8
1873,9
4744,7
9909,0
2912,7
4027,9
5488,6
14402,9
8024,7
7786,2
13883,5
6864,1
489,3
8685,9
690,9
602,6
10103,7
1014,7
869,3
1993,7
7610,8
5283,7
4370,7
11330,8
1361,0
13881,4
1526,1
12498,9
1629,7
1551,7
10708,7
14532,7
1337,9
3901,7
5041,4
8252,5
10940,7
5039,8
2346,9
13936,7
5485,6
13307,4
5694,9
5119,5
5166,8
1134,6
8342,7
10400,7
4017,8
10646,9
2424,4
4138,7
859,7
2962,0
8089,1
12172,7
11583,9
12839,7
12722,9
1364,6
13259,9
1779,7
13000,2
2101,9
1818,0
369,0
4937,8
5285,7
8367,8
12141,0
7071,8
2093,3
7817,3
1920,7
82,4
7331,8
7304,8
816,8
11609,7
4396,9
8475,7
6124,7
4120,1
11919,7
13308,4
1813,9
1271,8
8751,8
2994,7
11408,7
6409,1
11610,2
2642,8
9280,8
10402,7
2305,7
10911,1
12559,7
4195,1
12520,0
3849,9
14772,7
12577,9
14360,5
3554,9
2195,9
2600,5
6163,9
1518,6
14288,5
10981,6
6309,8
5755,2
5633,4
8399,2
13966,4
7162,0
11295,7
11010,8
1988,9
9533,6
7737,2
517,9
6160,8
11220,9
13628,6
12088,7
13243,7
9607,6
4456,2
2761,7
6481,1
5911,3
13549,0
6547,0
4855,8
7644,7
13294,4
14529,7
6358,7
9741,8
2438,1
3765,7
6432,7
8643,7
7846,0
13068,7
9665,8
13465,6
6340,5
4821,7
18,7
3560,8
3951,4
49,8
14847,7
887,8
6261,8
7236,4
6989,9
6043,7
8708,5
3168,9
2949,8
1424,8
139,0
10116,9
3197,6
5131,7
112,9
8160,0
13015,9
4559,8
4595,7
4690,3
7951,7
11180,1
3277,1
4068,7
4408,8
13904,8
14628,9
9729,3
451,6
7262,7
3731,6
7256,9
13432,9
4986,7
3663,7
2763,7
8850,1
11019,7
1855,7
999,7
389,5
6426,7
1476,7
2240,2
13715,8
8112,7
992,2
7032,7
4997,9
3922,3
2972,1
6871,7
11293,7
4769,9
1293,1
14051,4
4173,8
2535,7
14201,6
1907,1
12421,9
14246,9
8560,7
6033,8
7619,0
1151,5
1567,9
3171,9
9689,1
7106,5
4160,9
4287,7
2230,7
11097,4
174,7
1903,1
9291,9
8752,8
10993,0
3408,8
1538,7
2292,9
9523,9
1363,6
4357,4
5260,1
11179,1
11366,7
680,0
11832,7
3664,2
1661,9
508,8
166,7
12412,2
9198,9
12500,9
7365,9
1914,5
7263,7
14457,7
14858,9
7361,3
1104,9
11736,7
9944,7
5310,9
11300,7
5754,2
152,5
11888,0
5679,2
13709,7
3551,9
3722,4
11034,7
12816,1
4538,3
13706,7
10014,7
8463,6
1991,5
13213,1
8501,7
5141,2
3811,1
13058,7
3450,7
4591,7
7352,7
205,8
9327,7
6680,9
2749,7
8497,7
1849,7
13606,4
10180,2
3240,3
11884,6
3109,8
10179,7
5934,8
12262,3
5810,5
8575,7
5634,0
4307,3
3156,7
6534,8
13719,8
13033,0
13241,7
8891,9
3832,7
14848,7
4776,9
7997,0
4276,7
14622,2
12802,9
14398,3
278,8
6771,8
7415,7
3252,8
12893,1
14106,7
289,9
3075,7
10821,4
9582,9
13548,0
270,9
4570,6
13167,9
9583,9
6696,9
4316,9
3180,8
1422,8
8275,3
9065,9
11820,8
4557,8
7812,2
6297,9
13705,7
10963,8
14540,7
1132,6
10521,0
6242,4
11357,7
14058,7
7423,7
11902,7
10152,5
10783,7
5520,7
9408,7
13054,4
12084,5
9256,7
3786,8
11793,9
8345,7
2161,7
3008,2
1105,9
13277,9
692,5
11729,7
4956,1
8307,0
4369,7
2765,7
3929,9
14609,7
14736,6
7778,0
13110,0
628,7
2451,7
10691,5
3824,7
13493,5
14939,1
3743,4
2176,9
6689,8
8858,9
3318,9
10864,7
9653,9
7432,2
2787,9
1196,8
1676,1
3947,8
7618,0
4444,7
5722,1
11670,4
12711,7
2369,4
4967,5
2217,4
8148,9
10410,2
3326,9
11114,7
3583,1
14666,1
14906,9
3619,3
6217,9
2468,2
8277,3
14707,9
5973,7
3667,4
5158,8
7594,9
6976,2
10211,9
3423,0
8199,3
2409,9
3212,5
12837,7
5366,7
11140,9
6593,3
2895,0
14458,7
13824,4
3642,8
13512,7
11030,7
12575,9
9475,7
10193,9
12918,7
9061,8
14533,7
13452,8
8548,1
14864,9
5451,3
7160,4
7866,5
2743,1
14893,7
10082,5
9797,7
4958,1
13856,7
10572,9
6474,0
7888,2
8811,3
492,3
1116,8
5637,0
13174,8
14807,0
11091,6
13576,7
14519,2
6589,7
13613,9
7557,7
11986,0
5241,8
13871,1
2783,9
14934,6
1696,7
5685,9
2295,5
5939,0
7763,8
10244,7
9968,9
3313,3
4781,8
8350,2
11152,8
9784,7
9915,6
7605,8
215,0
6707,6
13436,9
8682,8
13707,7
3483,8
7006,9
5102,6
6599,9
3764,7
11882,0
6410,5
11342,6
25,7
10601,6
7659,7
13076,7
9744,8
13811,6
12927,3
6683,9
9171,7
10039,9
14488,8
8584,3
11564,7
12887,6
11490,5
14477,9
12407,7
1102,9
3276,0
5345,8
13621,7
13200,1
8386,0
8835,9
10869,3
14987,9
2207,1
4552,8
4402,8
7395,6
3718,8
972,9
4579,1
6516,2
719,3
6155,8
14160,5
2803,8
2566,8
4025,9
6198,7
8224,9
13253,9
4063,7
9889,9
2792,9
2222,7
5818,7
3866,8
10832,1
12993,7
13640,2
11386,0
3227,7
4214,7
3923,3
10469,7
11176,6
1401,7
8931,7
7703,1
4979,7
3253,8
12945,8
2661,6
2158,7
8578,2
8088,1
674,0
11391,0
7011,0
10996,6
10197,9
3841,7
1815,9
12476,7
14759,7
2100,9
13369,9
6708,6
1673,6
10293,0
4213,7
11291,7
10891,8
1548,7
12345,9
8547,1
5184,1
1461,7
14086,9
3220,7
12644,3
13748,7
7170,0
7430,7
14310,7
1751,1
3976,5
8353,3
1772,7
9388,7
10070,0
2016,3
2005,7
3893,2
3237,3
4424,1
10270,9
8588,9
2257,9
4072,7
5574,7
9083,7
14267,8
5355,7
8418,7
6093,0
7935,1
12225,2
1519,6
12246,7
1378,9
5672,7
9215,9
2587,0
14649,8
5621,8
11822,4
12340,3
5842,9
7122,7
5832,2
9821,8
4888,9
5904,7
522,0
8043,2
3607,7
9120,9
234,9
3796,9
6318,4
7094,1
10202,8
1948,9
6361,7
14107,7
12797,8
6091,0
13636,4
2224,7
9298,0
13572,7
9010,9
5571,1
4523,7
5793,6
13183,9
5738,7
2624,2
4728,1
7818,3
8859,4
14875,5
13683,0
9080,1
11141,9
2437,1
6056,7
9009,8
6352,7
10533,7
3167,9
1809,8
12130,8
7161,0
9456,6
5086,8
12073,6
7016,6
11673,5
4945,0
6046,7
12555,7
13898,8
6919,8
5590,7
7226,8
1228,5
11542,7
6846,8
8244,5
11588,7
6555,6
159,5
8851,1
9779,5
1589,0
14763,7
14235,7
14212,7
14006,5
6687,8
14021,0
11269,4
10576,9
14428,0
7480,5
13901,8
1556,2
2828,8
436,8
5789,0
12223,0
1588,0
7398,0
2780,3
13477,6
9242,5
5686,9
3965,1
4727,1
9165,5
1238,7
2951,8
10534,2
14648,8
11576,4
14745,5
1497,8
6465,8
7355,7
7823,9
7547,6
7913,8
10614,5
12840,7
5185,1
5647,1
14099,0
5242,8
2130,0
2092,3
5409,6
10207,8
187,3
11215,2
7938,2
3655,6
3426,6
11482,1
1381,5
13107,9
8605,8
7427,7
5037,7
4897,7
3175,9
14027,4
11945,9
8448,8
14850,2
11866,8
2235,7
8068,8
9959,9
4236,9
11110,7
11457,2
9764,6
24,7
3363,4
1088,7
10886,8
8733,3
13739,4
2841,7
10503,8
7537,9
7470,6
13985,7
4152,2
9501,9
695,7
13775,7
6337,8
1227,5
1999,7
276,8
12914,7
5929,8
2953,8
3637,8
3906,7
4778,8
5845,9
14545,2
4117,1
13212,1
1137,7
2767,7
8182,7
12247,7
11878,4
7661,2
9134,8
11133,3
2490,8
14523,5
7742,3
3935,9
2384,7
8016,8
7084,0
115,9
1863,3
10750,6
3119,0
4258,9
13852,4
14825,9
2819,1
11417,6
11241,8
13637,4
4699,9
3802,0
6068,9
3536,7
3825,7
6642,8
12967,1
1946,9
13095,8
14194,7
12495,9
9802,3
7269,7
11685,8
7929,6
7166,6
6963,7
5867,0
10859,7
4761,2
10386,5
882,9
557,7
12152,5
1207,0
11347,4
7684,8
11575,4
9702,5
6538,8
10485,2
3211,4
3630,9
1708,2
12363,9
8458,0
1140,7
3162,3
6207,7
12618,5
3730,6
10101,7
11573,4
2660,6
8848,0
1307,7
2567,8
9190,3
2834,7
14357,6
9429,9
2151,7
11682,9
3835,7
14921,8
11477,0
12310,9
10378,1
9326,7
5004,9
6626,0
9495,3
1627,7
11995,4
9714,7
14712,9
358,8
138,0
8491,7
9748,8
382,5
11283,5
4857,8
14721,8
1439,0
9569,2
946,3
12419,9
5498,2
4916,3
8556,5
10913,1
1932,7
2352,0
3236,2
9493,2
12397,7
3807,6
13810,6
1936,2
13363,8
4154,3
8988,9
2416,8
11459,9
6139,3
785,7
6789,1
8036,7
8315,1
14202,0
5668,7
2172,9
2169,3
6628,6
4009,9
4340,0
910,7
6268,7
2309,7
10033,3
9449,0
6591,2
4458,2
7597,9
9370,4
11511,8
14007,5
4652,1
6218,9
442,4
3415,9
9591,8
14155,8
14128,7
9649,3
11737,7
5744,7
1054,0
14788,9
3699,9
929,7
6468,9
8767,0
1829,1
13756,7
11582,8
12895,5
2011,7
913,7
7611,8
12333,7
11537,7
2606,7
4928,9
9783,7
6564,2
12194,9
6,7
7835,8
6583,7
3361,8
10135,9
12511,8
1635,3
1141,7
13090,9
359,8
2070,7
3134,9
5160,8
6990,9
3243,9
2242,2
1474,7
12877,9
10081,4
3259,8
10213,0
4020,8
13252,3
8566,7
3500,6
2658,0
12669,9
1130,0
13785,4
1819,0
7461,9
11747,7
11707,0
12230,5
7064,9
4318,9
9342,3
4669,7
9428,9
5476,9
14755,7
13160,3
1856,7
2282,0
13832,7
4008,9
6401,6
14890,7
13918,0
386,9
1628,7
10906,6
11460,4
12629,7
13993,0
7718,7
11504,8
14953,7
9101,7
12988,7
10058,9
1842,7
2497,9
201,8
12031,3
3868,8
5054,7
5889,7
2702,3
7922,0
331,7
3808,0
935,7
10651,9
1774,7
11788,4
8611,0
10878,9
13726,9
989,1
5443,7
12493,9
6993,8
12818,1
5806,9
13109,4
13057,5
6574,7
3052,1
12960,0
8365,9
4615,9
3321,9
11374,7
6246,0
6048,7
3311,2
11652,7
11781,6
14656,0
11196,7
8210,9
3628,9
13297,0
10366,0
1356,9
5002,9
11633,4
5823,7
14259,8
5670,7
3112,9
182,2
13291,4
10004,9
855,7
12832,7
4912,2
13021,8
1800,9
13891,7
10621,7
5482,0
12491,3
1968,4
12482,7
12202,8
4697,9
4987,7
4650,0
1159,7
9405,7
11596,0
1325,2
10288,4
11778,6
4796,0
6796,8
5808,5
14804,9
1455,9
5410,6
8333,7
2800,8
9836,0
10332,2
7616,4
13608,4
7815,3
4378,7
8921,6
11909,7
6716,5
10128,8
3736,1
2261,8
7429,7
4005,9
9302,6
14644,8
11190,4
2394,2
1185,9
2007,7
193,9
13361,8
8770,6
5525,2
771,7
10587,8
1478,7
1846,7
3740,2
14611,7
7986,8
405,7
14309,7
10265,9
10088,7
12823,9
6317,9
6581,7
10571,9
1447,1
342,9
7468,0
14049,6
10719,9
727,9
4577,1
9168,7
9250,7
3516,5
13341,3
13222,9
7156,8
7851,6
10178,7
9491,7
1348,8
660,8
1492,9
12268,9
12788,9
5154,9
10507,8
9885,9
14372,5
9277,9
2524,5
14897,2
12703,7
5374,3
3198,6
5717,6
13133,5
13656,6
12318,7
8259,7
13187,0
40,9
10461,4
12570,9
11601,0
13262,9
6816,7
10559,7
11507,8
12222,6
10704,7
2723,8
13787,4
12859,9
9335,7
14601,5
7155,8
11502,8
13840,0
11763,8
7230,8
10412,3
5075,9
10523,6
7880,7
5394,8
9641,7
12825,5
7789,4
14016,0
4088,9
1967,9
13488,2
13211,0
14393,2
6999,8
423,9
13912,0
10096,7
14263,8
12861,9
6142,9
5661,7
9031,7
4596,7
2659,0
141,0
2597,8
6701,0
1377,8
3674,7
9658,9
14844,7
6362,2
14055,4
4741,7
1138,7
10449,6
7374,8
1787,3
12028,2
4646,6
7568,7
459,7
6115,7
8179,7
948,3
9528,0
6370,9
4628,8
7358,2
5925,8
6040,7
441,9
6659,7
9794,7
10430,8
8831,8
9046,9
3830,7
14100,4
6144,9
13586,7
6344,7
12432,8
1958,8
9262,2
155,2
10487,3
11930,6
4578,1
1089,7
6049,7
11132,3
13742,4
9122,9
7950,7
11101,2
1674,0
6763,8
12558,7
6416,5
14344,8
11439,7
2326,9
7096,1
12879,4
13150,7
6450,9
13935,7
1715,9
9890,9
9172,7
8381,4
9433,8
3831,7
6299,9
3348,6
14282,6
9177,7
10013,7
587,8
9346,9
10964,8
14286,6
10091,7
2990,7
13933,7
11830,7
13311,7
9587,8
264,3
11814,4
6788,1
14307,7
12766,9
10131,8
3864,8
10435,8
10592,4
6274,7
13019,8
14703,3
3711,8
8438,9
9786,7
1529,2
12292,0
923,7
12109,3
7329,7
4364,7
669,9
3604,7
5108,1
10102,7
13519,3
5248,4
7183,5
10888,8
2591,1
5906,2
9973,8
6509,7
11205,7
7133,3
2307,7
8804,7
3690,2
687,7
612,2
7167,6
11825,5
3200,0
10459,8
11168,6
6629,6
4135,7
1898,6
282,8
258,2
11116,7
14150,4
4943,9
2822,1
11531,4
3525,7
14492,8
5223,9
2285,1
6063,3
8078,0
4654,1
5000,9
6710,1
13999,4
8676,8
10403,7
5416,1
475,7
2555,9
8087,1
7,7
6411,7
13755,7
13380,0
5546,8
2426,0
6744,2
10006,5
14447,5
2274,0
9203,9
1577,8
7264,7
9259,7
10183,3
3970,2
5879,7
14774,2
14004,9
7193,7
3867,8
14137,7
6823,2
11240,8
7548,6
781,7
14769,7
1749,6
10983,6
6519,3
5774,8
9283,8
9369,9
2324,9
10271,9
5055,7
10800,9
13534,8
10482,7
1727,8
610,5
4666,7
5413,1
8103,7
8174,5
8535,0
11349,4
3750,7
11407,7
97,7
6985,9
3137,5
1537,7
3648,0
13332,7
1517,6
14035,5
4624,9
6566,9
2090,2
7097,1
6171,0
7521,9
572,9
14277,6
13616,5
3062,5
597,0
6633,1
14154,2
7875,7
7345,7
6304,8
13680,7
14174,0
12769,5
5976,7
8562,7
1938,2
12583,8
8100,7
1753,1
3670,5
12034,3
2361,1
4260,0
5432,7
6285,7
11792,8
14210,0
11734,7
12833,7
12420,9
5591,7
1171,2
7927,6
12058,9
9614,2
11333,9
14036,5
12117,9
13753,7
874,9
2297,7
13965,4
2643,8
13913,0
5347,4
9032,7
14904,9
581,8
204,8
7896,9
9833,0
2014,2
11445,6
11663,1
905,6
631,7
8461,0
12494,9
1974,6
162,7
4998,9
12353,8
9557,7
13137,7
4713,9
9067,0
1431,9
6868,1
13713,8
7710,2
7736,2
4283,5
7531,8
12139,0
11048,9
10053,8
10851,7
3384,7
14348,4
12167,7
12492,3
7462,9
3331,8
14308,7
10595,0
6404,0
8895,9
2096,9
10195,9
12587,8
7999,0
5017,9
8738,9
1449,1
6900,2
2610,7
1900,6
8186,7
3920,2
2757,7
6397,0
10077,7
13001,2
2097,9
8329,5
14186,4
5624,8
9028,7
3471,9
8266,7
2171,9
13854,5
13784,4
8590,9
2010,7
14688,7
1283,0
14345,9
10028,2
14409,9
1019,2
9518,8
11002,1
8667,9
2810,0
14563,8
1651,8
14430,6
1169,7
10720,9
9398,7
6256,1
5469,8
13099,8
10258,2
867,2
11166,6
5093,9
5433,7
541,5
9324,7
14756,7
6354,7
14012,7
3390,3
11154,8
11451,4
12041,9
14903,9
10775,7
11005,1
3959,6
13914,6
6643,9
6841,8
12410,2
3586,5
12096,7
2563,8
10822,0
13373,0
11931,6
5036,5
1080,7
5891,7
10277,8
10644,9
4966,5
2023,9
13485,4
7909,8
13089,9
7321,6
226,3
1013,7
1929,7
12567,3
5251,0
9596,8
2179,9
697,7
1124,9
7378,8
12283,8
5110,1
7902,9
1778,7
11936,4
2634,9
7544,0
7604,8
3489,8
1037,8
10448,6
14386,7
14912,9
8505,3
2649,8
10473,7
2979,7
2547,2
5132,7
2159,7
11329,8
9114,3
6445,9
3967,1
1428,8
12609,1
2520,8
11977,5
8033,7
12853,3
12949,8
14808,0
448,6
12723,9
9476,7
5995,9
12026,7
3727,0
7353,7
8553,8
6279,7
13414,7
7295,9
9496,3
6251,6
5926,8
2460,7
22,7
2066,5
1653,8
8894,9
8706,9
10935,7
1376,2
1724,9
10660,8
3754,7
10517,0
8652,7
4183,0
4082,9
9678,4
11870,8
8474,5
6579,7
4558,8
3537,7
7003,8
10773,7
9560,7
14217,7
12689,8
8789,7
9951,7
646,9
6381,8
7527,8
14544,7
12072,6
7165,0
11660,1
11946,4
7697,0
11182,1
14118,7
4875,6
10736,8
12884,0
5341,1
12795,8
7031,5
2160,7
685,7
11934,0
11435,5
2461,7
11029,7
11889,4
7128,2
6267,7
4941,9
5946,6
4583,8
5784,9
10422,9
7569,7
12776,7
10512,8
521,0
8714,7
13197,1
13405,7
3983,7
14343,8
12976,9
780,7
10613,4
12306,5
5607,3
5978,7
8843,0
3747,7
2196,4
8561,7
14826,4
4285,7
8569,7
10408,2
9832,0
9805,3
6979,3
1827,1
11824,5
9154,1
14200,6
14514,1
2376,7
8551,7
3839,7
14426,0
1246,7
7504,7
11483,1
6511,7
11886,6
13732,0
5439,7
10759,1
11615,5
10229,7
13875,1
8964,3
10681,1
11754,4
14577,4
14316,2
5510,7
5330,0
4531,7
9866,7
365,9
13326,7
14972,2
147,0
1668,0
11280,4
13271,8
7650,7
8599,8
11698,0
7788,9
3456,7
11768,5
3271,0
4940,8
9223,0
12100,7
6230,8
14456,7
12143,6
9047,9
3926,9
12813,0
8080,6
78,7
7088,0
2247,9
12354,8
14924,8
14412,8
12404,7
7451,8
8980,8
2279,6
8123,3
3897,5
12062,0
7177,7
9312,2
14195,7
3631,9
12932,9
6272,7
8616,6
392,7
3191,0
16,7
4200,7
2672,7
14321,3
6164,9
12291,0
3493,9
9651,3
14859,9
7394,6
4839,3
593,9
12027,7
13981,7
8737,9
5827,7
10749,0
7961,7
5887,7
2355,6
6036,5
4798,6
10634,7
14757,7
4592,7
11234,8
8656,2
163,7
13906,9
14164,7
14670,7
7380,8
14936,6
10201,8
6356,7
11276,7
9092,7
5542,8
6007,8
7993,9
7638,5
6793,5
10900,0
7758,8
4837,2
2293,4
6548,0
7898,9
4481,8
3716,8
10837,1
6140,3
9956,3
1549,7
11221,9
10331,7
2044,4
767,4
5693,9
7870,7
9700,4
7857,1
3302,7
4517,7
13622,7
12097,7
3292,7
9011,4
1403,2
1382,5
10340,9
6928,9
5671,7
1638,3
14695,7
6907,9
8591,9
6406,1
9074,6
11757,4
1179,9
5448,2
10322,7
5078,9
8648,7
5175,0
10142,6
689,8
14390,7
6525,9
14730,0
6488,2
10145,6
7154,8
12611,7
6610,8
10902,0
12843,7
12876,9
4349,1
1884,8
12963,6
2494,8
5947,6
3036,9
5777,8
11795,5
845,5
8734,3
11916,7
11871,8
7967,3
12718,3
7340,7
13518,3
12735,8
7137,9
2964,0
2529,7
5772,8
1048,9
7045,7
1960,8
2530,7
11138,9
8429,3
4917,3
9325,7
5901,7
8286,9
4259,4
14743,3
12950,8
5656,5
6097,6
5907,2
7373,9
2978,5
14382,7
13962,6
6721,4
7842,9
8264,7
13165,9
12111,3
3138,5
8325,9
14895,7
13853,5
11421,4
1826,0
5548,8
8785,5
10917,2
560,7
13220,2
8435,9
5435,7
4437,7
10382,2
8597,8
1442,6
8453,8
4406,8
14302,7
1689,7
14806,0
9917,6
13497,7
5962,5
2496,8
12258,2
340,3
2408,9
9793,7
12510,8
5782,8
4576,1
3725,0
14925,9
2785,9
9715,7
12901,5
14101,4
1012,7
5280,7
4895,7
9958,3
7121,7
6549,0
4037,6
148,5
285,8
14485,9
8555,4
12135,9
12591,9
9732,9
6770,8
4443,7
7446,9
236,5
14392,2
10754,0
7123,7
12507,8
14339,8
3083,2
14375,7
10294,6
632,7
6813,7
2493,8
2665,1
12730,9
12814,1
12612,2
10526,0
10060,4
11811,4
12075,6
12696,7
4211,7
9686,6
10593,0
3874,4
9424,9
10853,7
2817,6
12361,8
14313,7
14720,8
13476,6
7426,7
12902,5
12700,7
11253,6
13812,0
9777,5
1735,8
7397,6
11015,5
4255,8
12393,7
2475,9
10756,1
14973,2
3713,8
13473,0
1804,8
707,7
11238,8
13799,7
5189,7
13052,8
5472,8
72,6
7843,9
5101,0
6764,8
9382,1
10793,3
1125,9
1241,7
12339,3
14167,7
2349,0
11543,7
6602,9
12200,8
6780,0
9769,1
12098,7
11921,7
4358,5
1343,8
14979,9
13025,8
14367,8
8632,5
6652,7
1100,3
10829,6
9160,2
8841,0
9738,9
7327,1
7622,6
987,1
10658,8
2852,7
11695,9
8853,1
630,7
1249,2
3179,8
482,7
9776,4
9654,9
3040,0
5010,8
13604,4
7000,8
3273,6
7227,8
3683,7
6674,9
6807,7
12337,3
14603,7
1316,7
3225,7
1072,5
4815,5
12672,0
10823,0
9852,9
5752,7
10617,7
13722,8
4616,9
3097,9
12168,7
14161,7
6869,1
1300,8
7285,3
6284,7
12799,8
13304,4
5495,1
5291,7
9600,9
10037,9
1798,9
12149,5
9667,8
5203,7
8227,4
5047,7
6441,3
8636,7
8105,7
2359,1
14079,8
3654,6
7052,2
11371,7
1286,6
13693,1
4445,7
11608,5
2137,7
6787,1
10828,6
12208,8
14731,0
9873,7
14626,3
12756,0
14115,7
6894,7
9884,9
12845,7
10733,8
11827,7
8564,7
7151,8
963,8
6012,9
4882,1
140,0
12046,8
14046,6
8906,8
6936,6
6542,8
5243,8
11380,7
10030,2
4431,8
12523,0
406,7
8212,9
9196,9
12539,4
10603,1
10737,8
12940,9
10582,8
9135,8
8234,6
11022,7
11563,7
11214,2
11556,7
4399,8
5252,0
11,7
4760,2
1177,3
10139,0
10693,7
2863,9
6471,0
12057,9
6228,8
9218,4
12040,9
2989,7
9153,1
11081,4
7117,7
11207,7
7010,0
11530,4
12830,7
11760,5
8927,1
1440,6
14619,7
2875,8
12178,7
9108,7
13651,7
13195,6
12281,8
11339,0
7232,8
3726,0
2772,7
9816,9
454,1
9013,5
8189,7
1367,0
3712,8
14782,9
1388,7
9042,9
1000,7
7761,8
3553,9
4114,6
9829,9
1667,0
3173,9
13032,4
9539,1
14105,4
488,2
3230,7
3828,7
10824,0
12979,5
5208,7
7848,0
11424,4
5704,8
14466,7
8133,9
703,7
5105,6
13345,9
3291,7
8125,9
11865,8
10600,6
9519,8
14453,7
13535,8
4909,7
4440,7
13662,4
986,1
14264,8
13862,7
13599,6
7705,1
12241,7
6257,1
11677,7
6089,9
10666,9
5238,8
12065,0
1198,8
12373,6
9710,7
13611,2
7519,9
6812,7
9991,6
9206,8
8320,1
9556,7
10225,1
7175,1
4470,9
891,8
10985,0
1969,0
5757,3
6527,9
6294,9
14623,2
7595,9
9110,2
3249,9
6570,5
6638,5
7351,7
13765,7
9400,7
12060,4
7473,6
12504,8
12257,7
13820,7
13012,9
1239,7
2289,7
2740,6
8467,0
4585,4
9227,6
1229,7
9200,9
6980,3
5178,6
12020,7
10724,9
4293,7
1058,6
6262,9
11036,2
281,8
9235,7
9508,9
968,8
10573,9
3953,0
1939,3
12680,0
1274,8
619,7
12748,0
1742,0
1390,7
2203,6
9771,5
9847,4
3568,9
10544,7
10404,7
6116,7
14955,7
6052,7
3178,8
3192,0
9499,9
6099,6
7029,5
575,9
10552,7
6656,7
7115,7
13215,1
6276,7
9472,5
13480,4
11083,4
5897,7
5724,1
10185,3
10831,0
269,9
629,7
11970,5
3081,7
3466,3
6430,7
13979,5
7062,9
12588,8
12215,0
14588,2
5543,8
10238,7
4356,9
13678,7
2113,8
8219,8
10232,9
12120,9
14237,7
3216,7
3814,5
8321,5
13318,5
2278,6
4599,7
13,7
13845,4
1525,1
2365,7
4648,6
11244,9
12197,9
10532,5
374,6
13829,7
6477,6
525,6
9131,8
14659,6
6895,7
10339,9
3591,4
11106,5
7904,9
2958,9
11815,4
529,2
3714,8
4732,5
9461,5
12473,7
1394,7
12201,8
12582,8
9989,0
11171,0
9633,7
10574,9
14793,8
12003,7
5631,9
9465,7
6563,7
4703,8
1712,3
14634,9
955,9
6675,9
3453,7
9579,9
14085,8
8595,9
2071,7
14607,7
10169,7
158,4
7005,9
12080,8
9094,7
352,8
6078,8
6236,8
12322,7
8946,7
11163,0
14963,7
2920,7
8503,2
4644,0
661,8
7057,3
10181,2
3665,8
7979,9
306,5
10527,1
4790,9
2356,6
11894,4
11996,4
1927,7
14009,7
3427,6
8941,7
3638,8
12759,7
1266,8
1560,3
14070,7
11787,4
10326,7
7179,8
4109,0
7867,5
4904,7
7294,9
514,8
894,8
8601,8
21,7
11577,4
14913,9
899,0
207,8
458,5
10246,7
2430,6
8442,9
12398,7
9299,0
3389,3
9905,9
3911,7
5383,9
8907,8
552,7
9631,7
10462,5
3144,7
6917,8
2056,1
1925,7
634,7
6082,8
8508,3
13920,4
14522,4
8619,6
12882,0
105,2
3041,0
12430,8
10361,9
1709,2
89,7
7014,6
10433,8
3174,9
917,8
7833,8
6732,7
1949,9
12236,5
11040,3
6368,3
1,7
8032,7
12529,2
6047,7
9127,9
13827,5
2720,8
8783,4
14716,8
3117,0
11128,2
14213,7
10640,3
9768,1
3762,7
213,4
778,7
3496,0
13754,7
2043,9
8920,6
5420,7
6154,8
9759,0
8357,9
11758,4
13071,7
12625,7
10205,8
8465,6
12052,8
4167,9
10960,9
3788,8
8586,9
583,8
14869,8
14975,3
116,9
6644,4
13551,0
14927,9
14653,4
13441,9
8712,7
1763,5
1875,9
12157,9
11536,7
10445,0
3224,7
526,6
7725,7
2946,9
4473,9
12091,7
5655,5
8884,2
6059,2
959,9
12636,7
6342,5
3633,8
1050,4
8782,9
8711,7
3380,7
3676,7
5776,8
13868,6
6573,7
5179,6
1607,8
3610,7
14637,9
6635,1
14996,8
10001,7
791,2
8984,8
3056,2
10047,8
1980,1
11425,4
3598,7
933,7
12155,2
12892,1
7424,7
5626,8
1682,2
4179,9
12218,0
6446,9
4116,1
988,1
11703,6
11645,7
2896,1
3778,9
5658,7
11722,7
3093,9
3155,7
11393,4
1823,6
14444,8
1098,3
10396,7
2844,7
9078,1
3342,4
38,9
6540,8
14033,4
8707,4
3356,1
9645,7
11745,7
11801,7
12857,9
10698,7
11186,7
12191,9
7813,2
14590,3
9098,7
8220,8
13847,5
10699,7
2428,0
5043,5
5346,9
8954,7
11939,4
4811,8
8476,2
686,5
4799,6
7437,3
2353,0
6353,7
13404,5
4569,0
8213,8
2752,9
9077,1
8073,4
9109,7
1040,8
7491,7
1265,9
12771,7
13910,0
7059,9
277,8
5084,8
10276,8
9437,8
2382,7
571,9
1435,0
12094,7
9439,8
5352,7
12873,8
11718,7
10706,7
5445,7
1007,7
4543,9
13233,7
13915,6
2064,9
1136,0
9882,3
13888,7
5343,7
10177,7
294,0
9739,9
10204,8
8780,2
11521,0
2403,9
10321,7
3998,2
13998,4
3741,8
11700,0
13842,4
2719,8
13813,4
12713,7
5150,9
2808,4
9017,7
556,7
13393,1
4795,0
2469,2
3738,5
4286,7
12643,3
9908,4
2604,7
362,8
6924,8
1704,7
2139,8
3239,3
2383,7
7314,0
4311,9
9477,7
1312,7
14149,4
3930,9
6183,7
12998,7
1591,0
14088,9
2162,7
2396,3
317,7
9516,8
11303,2
5233,9
13359,8
5068,3
4036,6
8987,9
3020,9
9903,8
11579,5
8228,0
12741,8
9105,7
5295,2
3972,9
5370,2
4133,7
974,4
7291,9
9175,7
954,9
9610,6
9752,9
12327,7
13347,9
12457,1
9547,5
13969,4
5016,8
14593,5
9179,7
10874,9
7490,7
1640,9
1290,0
11873,8
1380,5
1933,7
4675,7
13710,7
11352,7
10222,0
892,8
7287,9
4876,6
12261,3
7906,8
12447,0
8194,7
14078,8
10301,1
9041,9
10929,7
2466,7
7657,7
10106,2
9788,7
1913,4
11362,7
2736,0
726,9
7214,9
8245,7
1796,9
3845,3
6402,6
10745,0
10992,0
936,7
2265,8
824,0
12513,8
7274,7
11593,7
1389,7
3564,8
9076,0
5429,7
7827,9
5690,9
13059,7
7878,7
1868,9
8202,9
11607,4
7486,5
9655,9
806,9
4805,1
13246,2
12260,2
10300,1
13731,0
14935,6
10426,8
9155,1
7511,3
8056,9
4494,6
2632,9
13355,9
8896,9
8623,1
7832,8
4388,9
145,6
6467,9
2033,8
13694,1
1165,7
11692,8
2050,6
3760,7
10816,8
12676,6
4435,5
3430,1
8190,7
13148,7
7069,8
4361,7
10616,5
9454,6
1771,7
3511,7
271,9
12984,7
14966,7
8436,9
12605,1
12764,2
2032,8
12316,7
9005,1
14942,1
3810,1
13469,4
9996,2
14037,7
4346,1
10653,9
545,7
3241,9
8930,5
8502,2
11713,4
9323,7
14877,7
12303,1
10961,8
7564,5
920,5
13682,7
11779,6
6640,7
12151,5
7694,0
8230,0
12651,9
7126,7
4278,8
2983,4
130,8
7980,9
2667,1
7138,9
3223,7
9374,0
7693,0
5392,8
614,9
14855,3
1466,7
4497,6
3042,0
9126,9
2419,8
5085,8
3294,7
6737,7
1500,8
13014,9
9018,7
1521,0
13681,7
11122,7
4232,3
7686,8
8820,9
4430,2
12045,9
390,5
12537,8
14795,8
7124,7
5913,9
12182,2
8592,9
4806,1
13433,9
11551,7
8238,1
8044,3
14675,5
3993,7
11834,0
11918,7
14329,9
6609,8
5319,8
14764,7
7119,7
2421,9
5604,3
1750,0
14734,0
13529,9
12254,7
14575,9
338,3
8407,7
11855,7
1341,9
14320,3
7982,8
12086,7
3640,8
329,7
13250,3
3004,7
6960,7
4090,9
11307,3
9828,9
2322,3
6667,2
7009,0
4197,1
3549,9
9650,3
8363,9
4203,9
13977,5
11761,7
12418,9
13408,7
13499,7
6185,8
1639,9
9130,8
60,4
1240,7
5760,3
5136,7
2343,8
2120,4
1524,1
7617,0
153,5
481,7
6122,7
12652,9
7674,9
7101,7
12112,9
1762,5
8942,7
7715,5
9977,8
13627,6
7479,1
6212,2
12693,5
4853,9
2711,9
6766,8
4150,2
12385,8
1333,9
14123,7
11046,9
8378,9
9328,7
14091,0
14558,9
10250,7
13687,6
3850,9
8340,7
4124,2
13081,3
13449,8
11555,7
4788,8
2866,9
11968,0
1386,7
5941,0
3067,7
13594,7
3629,9
14198,6
12989,7
13426,2
3028,8
2969,6
11664,1
9900,8
11145,8
8646,7
6136,2
8801,7
4263,0
13018,8
645,9
14489,8
2074,7
12244,7
341,9
8041,2
1622,7
12875,8
7141,9
5796,0
7184,5
14001,7
8232,0
5475,8
10281,8
12116,9
10367,0
13892,7
74,6
14841,7
14894,7
10849,7
11372,7
10268,9
8633,5
13851,9
2051,6
2541,7
1301,9
5877,1
7368,9
11622,7
1304,5
8428,3
13644,5
2599,4
12808,0
2573,8
11472,0
3186,8
12145,6
2768,7
4831,7
4223,7
14482,9
2106,8
2679,5
10953,9
12880,0
1387,7
14516,1
14245,3
13400,9
14497,8
7083,4
13364,8
13192,6
1279,9
13221,8
804,9
1555,2
14239,2
11382,7
4566,0
12994,7
14510,6
4841,3
3594,5
6035,4
6852,9
10112,9
8705,8
4177,8
1308,7
9106,7
3452,7
3695,3
4242,9
11348,4
2198,0
8966,9
4425,1
6150,9
943,2
822,4
5005,9
6612,8
12469,7
8356,9
5619,8
4547,9
12175,7
2538,7
14632,9
9503,9
5207,7
14278,6
13520,3
3054,5
3675,7
7776,6
7218,9
6722,5
3300,7
3310,2
7221,9
8519,9
10682,1
5954,5
10998,6
12600,6
832,0
11271,4
3462,2
14002,2
7643,7
54,8
12256,7
3451,7
6305,8
10093,7
1481,2
4873,0
13087,9
8038,7
12342,9
3335,8
6016,0
4926,9
9138,8
5797,1
11485,7
10353,8
14747,2
5083,8
6645,5
12481,7
11249,0
5490,1
768,5
2065,4
14663,0
11687,8
7311,9
8477,8
14908,9
4524,7
11568,6
10524,6
2717,8
2079,7
11581,2
8914,4
951,9
8058,9
2482,9
10454,1
9181,7
11404,5
1759,8
9984,4
4422,0
6704,0
9916,6
5182,0
8533,9
3701,9
4243,9
688,2
3432,1
13395,1
4944,4
966,8
14559,9
14236,7
10395,7
2713,9
4757,7
13290,4
12350,9
14322,3
6320,0
13472,4
5975,7
3572,0
12997,7
5299,3
1990,5
12312,5
12951,8
1205,0
13490,9
13050,7
4971,7
14587,0
13226,5
6783,6
3600,7
6490,9
8609,9
14964,7
13569,7
8070,9
8577,7
7973,9
13973,2
1625,7
536,2
8766,0
7970,3
13224,5
4212,7
6456,8
3507,1
8393,1
9524,4
7112,7
11694,9
2708,9
5031,1
6514,2
4662,5
4021,8
1854,7
14849,2
2872,8
3030,8
9397,7
1645,9
3417,9
3476,9
14330,9
11053,8
1792,9
3797,9
3368,7
11559,7
11725,7
7196,7
14469,2
5109,1
6024,0
11641,4
8795,7
11248,0
13950,7
126,8
5959,4
3876,0
11127,2
4451,7
7147,8
3531,7
10922,5
827,0
9831,4
7790,5
984,0
11473,6
11197,7
7783,1
10380,5
14374,7
2443,8
8554,9
10541,7
345,9
814,8
6166,4
12999,7
11397,4
13620,7
14669,5
11517,0
12298,6
5779,8
2116,8
10026,7
793,3
14919,8
6898,2
2674,8
94,7
4225,7
3756,7
2891,6
2371,5
11420,0
14089,4
3228,7
7863,8
6359,7
14190,7
13102,8
7326,1
6028,1
11045,9
13429,3
11104,4
1865,3
4612,3
10049,8
2645,8
2243,3
5373,3
2336,8
950,9
11260,4
1120,8
10789,2
2204,6
419,9
922,5
9446,9
8669,9
10227,1
5408,6
5788,0
5742,7
7667,9
5567,1
8135,9
1202,9
10818,9
5765,9
8389,6
1970,0
11302,7
4018,8
10343,9
3687,7
13108,9
1997,7
4033,0
14845,7
11246,0
1248,2
2192,8
2712,9
9184,7
2190,8
4670,7
5142,2
5984,2
6565,8
7804,7
11954,7
6943,1
11789,5
12903,5
9510,8
10055,8
10535,8
10641,3
2136,5
1065,1
600,6
4227,2
10813,8
7577,7
77,5
7546,6
2898,1
4820,7
9506,9
14204,4
6413,8
9444,9
9064,9
12042,9
8007,1
5468,8
5951,1
14652,9
11157,9
3391,3
5415,1
2560,9
14835,7
8162,1
2635,9
5256,6
3530,7
8567,7
1908,5
12621,7
13905,9
235,4
12219,6
1604,5
7984,8
9310,5
11869,8
3490,8
14779,3
11150,8
1994,7
2824,1
13940,7
10568,9
1342,9
8512,9
1619,7
11905,7
5287,7
2060,5
14931,0
2219,5
9865,7
6038,5
260,2
14059,2
10231,8
12977,4
9093,7
3744,5
2026,9
6988,9
4234,9
1917,7
1828,1
9765,0
12607,1
12941,8
6233,8
14011,7
12846,7
6283,7
4208,7
12819,5
224,2
8915,0
10002,2
9333,7
13721,8
6469,9
14134,7
13746,7
14595,2
10954,9
846,5
4289,7
5560,0
13234,7
2551,3
11120,7
117,9
8837,9
5966,7
8195,2
12362,8
8659,3
7489,7
5,7
5342,5
9111,2
10787,7
4324,8
1063,1
2590,1
8434,9
13046,1
9352,9
11062,8
3735,1
10589,9
3517,5
6986,9
11613,4
10755,1
6767,8
5622,8
1605,7
1733,8
10516,4
10901,0
14022,4
9504,9
11640,9
3812,1
14446,4
10554,7
10167,7
11706,6
1761,4
5401,9
2739,6
14454,7
2472,3
6738,7
6891,7
12199,8
7943,5
12910,7
9685,6
4206,5
6371,9
10350,8
9361,8
10348,9
232,2
8258,7
7561,4
9795,7
6168,0
11475,6
3596,7
6288,2
4632,8
125,8
7641,7
6229,8
13542,8
1296,1
1976,6
14230,7
14169,0
10267,9
12772,7
5750,7
8152,0
14560,9
3086,3
13926,7
6882,7
13968,4
7673,9
3345,0
8172,4
14145,0
5870,6
6506,7
2797,8
918,9
1646,9
5122,7
5126,7
13170,9
13623,7
4621,9
6809,7
364,9
11479,1
2125,0
8150,4
12315,7
12761,7
8717,7
13013,9
55,8
638,2
302,1
10958,9
5811,7
1276,8
12912,7
10247,7
13568,7
13337,7
4432,9
3644,9
4143,7
2878,8
12394,7
6493,5
13367,9
10478,7
10453,1
5240,8
14119,7
10488,3
6937,6
7240,0
9945,7
13389,0
10160,5
2593,1
11309,3
2393,2
523,0
6376,9
6981,3
13716,8
6677,9
3900,7
14459,7
12891,1
5585,7
14053,4
7956,7
7570,7
11314,9
6777,0
12348,9
10161,7
671,0
4188,6
666,8
3266,4
1887,8
11458,8
8472,1
9911,0
11139,9
12647,9
9091,7
7687,8
6031,7
14753,5
6090,4
6238,8
7350,7
7830,8
760,7
6254,1
1906,1
12234,9
12015,7
12330,7
3818,9
6269,7
4300,7
5569,1
7941,4
10785,7
4164,9
11223,9
5971,7
3579,6
2832,5
5449,2
3472,9
6327,6
137,4
7043,7
4892,5
2180,9
10320,7
7730,7
3177,8
4854,8
4637,9
5115,8
13963,6
7648,7
4261,0
12536,2
1331,3
10209,9
12734,8
10674,6
7002,8
9550,7
6941,1
8017,9
6241,9
9521,9
14976,3
6881,7
13051,2
10342,9
4530,7
10314,7
4673,7
12173,7
6996,8
1252,3
11470,7
3374,7
2814,6
4719,0
6544,9
10040,9
4858,8
7901,9
11229,9
8580,2
8427,2
1077,7
10176,7
4363,7
12154,7
770,5
10357,8
12725,9
8865,7
249,7
9766,1
7239,0
3419,0
10273,9
10015,7
14406,9
4976,7
4544,9
5565,6
7939,8
716,2
14487,8
12338,3
2048,0
5997,9
6600,9
7245,6
13456,4
4178,8
4809,7
10916,7
14234,7
7140,9
7190,7
1460,7
5989,9
9860,7
10948,3
2000,7
12763,7
12805,0
8175,5
404,7
384,2
14184,0
14240,2
10344,9
1633,2
14334,8
13772,7
4784,8
14199,6
6970,7
3925,3
13528,9
4158,9
7449,9
13140,7
13550,0
8415,7
2193,9
11328,8
12661,8
10016,7
1015,7
5124,7
13164,9
7418,7
7409,4
8989,9
2871,8
9,7
10136,4
1838,5
4804,1
255,7
7026,8
5713,0
12677,6
3324,9
7714,5
1581,8
11148,8
924,7
2779,3
10700,7
7891,3
6132,7
13216,1
5320,8
7312,4
7102,2
6042,7
3775,9
4835,7
12328,7
4964,9
10971,8
539,4
7483,8
2745,1
3719,9
14311,7
6819,7
13659,0
9337,7
13319,7
4468,9
667,9
7575,7
11211,7
8549,1
5063,7
11023,7
10975,4
1353,8
13323,7
7114,7
14665,1
8662,9
2703,3
3330,8
8053,9
11829,7
9588,8
3584,1
14176,0
13454,9
5645,1
3376,7
1256,9
6190,5
11704,6
13843,4
13970,4
9442,8
13987,7
5348,5
11003,1
12490,3
11476,6
11125,7
4175,8
13460,0
4910,7
1852,7
6316,9
12972,5
14785,9
2105,9
133,8
13428,3
5029,6
928,7
823,0
7576,7
11632,4
1531,9
1214,0
504,8
12477,7
10188,9
6530,9
3072,7
10150,1
9576,9
9086,9
13116,6
8647,7
6619,9
13971,5
9273,9
3709,8
14385,7
4849,9
4748,7
4268,6
11714,7
12326,7
11794,4
14819,1
8905,8
4186,0
10406,7
5301,9
2923,7
6588,7
1810,8
3486,8
7419,7
3141,7
10019,7
9347,9
1324,7
4312,9
7494,7
8702,5
9872,7
8691,0
14260,8
10048,8
9580,9
13807,0
11911,7
10578,8
5541,9
11428,7
6172,6
1540,7
9409,7
2681,7
14823,2
11185,5
13704,7
6313,8
1191,8
13964,0
5293,2
1542,7
11493,7
11516,4
7056,3
2539,7
953,9
7241,0
6731,7
4846,9
6801,5
8010,1
4330,8
8924,0
5334,6
7330,2
9348,9
4729,1
11486,2
6541,8
11174,6
5305,9
5161,8
7860,5
2156,7
1062,1
10808,8
1167,7
11414,7
3636,8
7651,7
5588,7
11130,3
7192,7
4491,0
7266,7
11332,9
4980,7
8335,7
14928,4
11769,7
4946,0
2782,3
717,3
10011,7
2502,0
4360,5
4171,8
8082,6
14640,8
395,7
13923,4
7186,7
14733,0
4492,0
1365,6
14293,4
14191,7
8787,7
12144,6
13584,7
5917,9
4968,5
2914,7
10518,0
5644,1
3766,2
3440,5
12043,9
12324,7
7357,2
6806,7
9879,3
2143,5
5104,6
5073,9
1571,9
4079,3
1122,8
2786,9
2967,6
2504,0
5988,3
11657,6
8867,7
11000,0
7164,0
11540,7
728,9
7587,3
7543,0
412,2
11338,0
9708,7
5745,7
7668,9
825,0
3267,0
3974,5
8808,2
8306,0
417,9
11261,4
9817,8
6748,3
8967,9
12377,2
11088,6
14472,3
2082,7
8945,7
10738,8
12161,5
3373,7
5726,5
4107,0
10636,2
4380,2
7723,7
1066,5
3913,7
13479,0
5536,9
8002,6
5387,9
5732,5
11690,8
2738,6
5052,7
4000,3
9760,0
2427,0
11938,4
6833,9
10123,8
1687,5
851,7
11738,7
6303,9
9087,4
12784,9
5878,5
8527,8
2839,7
11279,9
4611,3
9540,1
9207,8
11008,7
9823,8
2489,8
11922,7
6905,9
7390,0
11443,0
2849,7
14069,7
6665,7
5881,8
10262,3
4452,7
9949,7
7421,7
13600,6
9827,8
12838,7
6484,1
2479,9
6617,8
10457,7
11151,8
13515,2
14567,8
11251,6
13245,7
14061,9
2141,4
13296,0
11310,9
5188,5
14729,4
12237,5
11548,7
2744,1
7253,7
13284,6
3506,1
1679,1
4249,8
3147,7
8130,9
10486,2
7004,9
580,8
9662,9
12991,7
4070,7
13500,7
3343,0
13184,9
7404,5
12775,7
3672,7
559,7
5237,8
7805,7
13407,7
11041,3
512,8
12921,7
1081,7
1664,4
9204,8
1931,7
14505,0
1150,5
2838,7
5949,1
8308,0
8932,2
14683,7
14262,8
5177,0
11867,8
14098,6
830,6
8311,6
4752,7
14638,9
14581,0
14911,9
635,7
4465,9
12556,7
6799,5
7987,8
7079,8
6966,7
4142,7
7027,9
9183,7
876,9
4869,0
5315,8
5222,3
4,7
3051,1
5691,9
3124,0
10852,7
2491,8
13365,8
3854,9
13125,1
4777,9
9907,9
7509,2
6457,8
6293,9
1148,4
11453,4
574,9
3769,3
11928,7
4146,7
853,7
10174,7
10966,8
5919,9
13121,1
13403,5
9358,8
6614,8
6002,8
9163,4
10893,8
4495,6
8173,5
6655,7
12039,9
2368,9
12307,7
4780,8
12323,7
7992,8
2950,8
5625,8
6971,7
8716,7
10647,9
13208,6
1841,7
5986,3
537,8
2806,9
5801,1
5596,7
7206,2
7343,7
12533,3
7560,9
8096,5
11367,7
784,7
12249,7
1409,9
10729,9
154,7
7806,7
3009,3
1686,5
11093,4
4014,8
7455,8
12913,7
3863,8
2733,0
1895,0
5442,7
569,9
6709,0
5854,8
1816,4
10257,2
8319,1
3394,9
3327,9
14971,7
6102,1
2975,1
980,6
10492,9
190,9
9331,7
5088,8
699,7
14639,8
606,1
12468,7
301,1
3420,0
14704,9
1060,0
14056,4
14840,7
10757,1
3444,7
1069,8
10716,3
2205,6
9435,8
7339,7
8208,9
7679,8
11312,9
13503,7
4642,0
7683,8
12946,8
9007,7
7996,4
11259,4
12740,8
5600,7
9151,6
7022,1
4893,7
225,2
14362,5
3354,1
5895,7
10677,6
8754,8
3436,2
14565,8
14373,7
1693,7
6893,7
1045,8
3446,7
12757,7
8050,9
9146,0
14970,7
10927,7
11296,7
4735,8
4496,6
1218,1
13446,8
13703,5
6015,0
9719,7
3987,7
4911,7
9492,2
4493,0
6944,1
5699,8
8352,3
12259,2
13992,6
956,9
11983,7
11426,4
2869,9
11969,0
4433,4
4973,7
14207,4
2961,4
14172,6
2200,0
98,7
14778,3
2557,9
11375,7
8445,8
12115,9
4199,5
9637,7
5539,9
1648,9
12874,8
12915,7
12183,2
9888,9
11383,7
6197,7
6295,9
4499,1
1154,7
2255,9
9874,7
3170,9
7400,1
10248,7
7158,9
12282,8
14798,8
3108,8
4548,9
11915,7
14589,2
5423,9
2049,0
13168,9
11835,6
9208,8
8815,9
14696,7
14075,8
262,3
13922,4
11561,7
4061,7
5534,9
14486,9
14257,8
6616,8
8120,2
8155,0
1802,8
4736,9
14982,9
2385,7
6694,8
5759,3
1959,8
2976,1
8680,8
1843,7
1734,8
2911,7
11411,7
8338,7
13822,8
1986,2
9561,7
6546,4
14243,3
7098,1
2811,0
659,8
9986,0
2511,1
11589,7
4282,5
9339,2
11464,7
8800,7
6287,2
11774,7
1930,7
7125,7
197,9
7777,6
2931,2
8004,6
2327,9
4389,9
8958,2
12688,2
4218,7
11447,6
202,8
3510,5
4931,8
14582,0
5535,9
9925,7
5791,0
10969,8
1707,7
5172,4
5249,0
13949,7
11666,7
6528,9
14775,2
5855,8
8164,1
854,7
13877,7
14555,9
4737,4
12289,9
10352,8
698,7
11344,6
11191,5
3696,3
1636,3
7280,2
7554,1
11649,7
3581,1
1291,1
12851,3
6585,7
13808,6
1853,7
5232,9
3763,7
3304,7
1495,9
13919,4
11935,4
11637,7
7994,9
1998,7
663,8
12971,5
13545,9
3748,7
4413,0
12936,9
5530,3
5575,2
8901,8
7526,8
9474,7
5864,0
13260,9
10867,2
6776,4
12221,6
1306,7
13688,0
13696,7
7392,0
10429,8
11494,7
5592,7
10230,2
9721,7
1663,9
5450,3
14901,3
14930,0
3627,9
13931,7
13339,2
13083,3
2693,7
11252,6
9789,7
10921,5
10817,8
5915,9
3157,7
11506,8
9914,6
13471,4
6668,2
1059,6
4636,8
3242,9
1678,1
6892,7
6374,9
7574,7
1757,7
6019,0
12383,7
5116,9
8755,8
7408,9
2790,9
863,7
7858,1
1484,3
7035,7
7721,7
5977,7
5134,7
206,8
4488,4
6938,6
9062,8
12685,7
6910,9
502,9
7385,9
1028,9
3840,7
10882,9
13773,7
8110,7
5056,7
9762,6
8154,0
10965,8
14183,2
2731,4
14434,0
8996,6
14039,7
11837,6
2454,7
12790,8
7215,9
3104,8
13067,7
14151,4
8392,1
6278,7
3099,9
6184,2
10470,7
3561,8
5892,7
12666,8
14624,3
12706,7
13986,7
391,7
6736,7
5618,9
5258,0
9687,6
2695,7
2027,9
13440,9
5463,9
2568,8
8006,0
64,0
12076,6
2062,2
5276,7
7208,3
8684,9
8571,7
6331,1
4859,8
14552,9
12185,3
4887,8
9268,3
878,9
8529,8
7916,8
6863,0
7892,3
6439,2
7869,7
1016,7
9467,8
11990,6
7629,1
12743,9
11534,7
13103,8
14605,7
995,4
10173,7
4297,7
161,5
5675,7
6873,8
14737,6
12990,7
9692,1
7989,8
3843,2
13417,7
10805,9
11653,0
1021,3
3073,7
7555,1
3943,8
1585,9
10147,1
3152,7
14541,7
8226,9
12206,8
775,7
10748,0
9670,8
7099,5
5486,6
6235,8
9555,7
7041,7
2612,7
7513,3
11016,7
10233,4
8433,9
10253,7
10555,7
8792,7
10627,7
5393,8
14502,0
11080,4
14356,6
8838,4
3890,5
3556,8
11394,4
1528,7
1267,8
7734,7
1899,6
4658,2
3005,7
2734,0
189,9
9998,0
9167,7
2747,1
2047,0
7849,0
2558,9
9274,9
8666,9
11096,4
13035,0
6396,0
12309,8
3385,7
4555,8
1184,9
6420,7
5051,7
5311,8
2433,6
6949,2
13803,7
10583,8
769,5
1685,4
8322,7
11111,7
11363,7
11636,5
14423,9
5578,4
4426,1
13526,9
466,5
6265,5
5734,5
11284,7
11964,0
5191,8
13418,7
5390,8
860,7
7270,7
